epoch,lr-AdamW,remote_inlier@1,remote_inlier@10,remote_inlier@3,remote_inlier@5,remote_mean_error,remote_mean_matches,remote_median_error,remote_mixed_inlier@5,remote_mixed_median_error,remote_mixed_num_pairs,remote_num_matches,remote_num_pairs,remote_pair_inlier@1,remote_pair_inlier@10,remote_pair_inlier@3,remote_pair_inlier@5,step,train/forward_time_epoch,train/forward_time_step,train/loss_c_epoch,train/loss_c_step,train/loss_epoch,train/loss_f_epoch,train/loss_f_step,train/loss_rf_epoch,train/loss_rf_step,train/loss_step,train/num_matches_epoch,train/num_matches_step
,2.3437500000000002e-06,,,,,,,,,,,,,,,,,56249,,,,,,,,,,,,
45,,,,,,,,,,,,,,,,,,56249,,0.08992476761341095,,2.8285953998565674,,,2.059654712677002,,0.5094672441482544,4.985786437988281,,6144.0
,2.3437500000000002e-06,,,,,,,,,,,,,,,,,56299,,,,,,,,,,,,
45,,,,,,,,,,,,,,,,,,56299,,0.0900195837020874,,2.587531328201294,,,2.059284210205078,,0.5233112573623657,4.758269786834717,,6144.0
,2.3437500000000002e-06,,,,,,,,,,,,,,,,,56349,,,,,,,,,,,,
45,,,,,,,,,,,,,,,,,,56349,,0.0906527042388916,,2.7985525131225586,,,2.0621907711029053,,0.5001025199890137,4.9484076499938965,,6144.0
,2.3437500000000002e-06,,,,,,,,,,,,,,,,,56399,,,,,,,,,,,,
45,,,,,,,,,,,,,,,,,,56399,,0.09061069041490555,,2.6176211833953857,,,2.0619027614593506,,0.48063144087791443,4.747774600982666,,6144.0
,2.3437500000000002e-06,,,,,,,,,,,,,,,,,56449,,,,,,,,,,,,
45,,,,,,,,,,,,,,,,,,56449,,0.09048156440258026,,2.8260622024536133,,,2.0609371662139893,,0.48283445835113525,4.957646369934082,,6144.0
,2.3437500000000002e-06,,,,,,,,,,,,,,,,,56499,,,,,,,,,,,,
45,,,,,,,,,,,,,,,,,,56499,,0.09040997922420502,,2.7070910930633545,,,2.061990737915039,,0.5060046911239624,4.8626885414123535,,6144.0
,2.3437500000000002e-06,,,,,,,,,,,,,,,,,56549,,,,,,,,,,,,
45,,,,,,,,,,,,,,,,,,56549,,0.0901232585310936,,3.083247184753418,,,2.061246156692505,,0.5207187533378601,5.252962589263916,,6144.0
,2.3437500000000002e-06,,,,,,,,,,,,,,,,,56599,,,,,,,,,,,,
45,,,,,,,,,,,,,,,,,,56599,,0.09041235595941544,,3.028446912765503,,,2.064610242843628,,0.49754267930984497,5.177678108215332,,6144.0
,2.3437500000000002e-06,,,,,,,,,,,,,,,,,56649,,,,,,,,,,,,
45,,,,,,,,,,,,,,,,,,56649,,0.09071116894483566,,2.8627376556396484,,,2.0634424686431885,,0.5013995170593262,5.014891147613525,,6144.0
,2.3437500000000002e-06,,,,,,,,,,,,,,,,,56699,,,,,,,,,,,,
45,,,,,,,,,,,,,,,,,,56699,,0.09064313769340515,,2.9963066577911377,,,2.0650765895843506,,0.5089595317840576,5.157327651977539,,6144.0
,2.3437500000000002e-06,,,,,,,,,,,,,,,,,56749,,,,,,,,,,,,
45,,,,,,,,,,,,,,,,,,56749,,0.09104077517986298,,2.676995277404785,,,2.0622165203094482,,0.5029464960098267,4.829714775085449,,6144.0
,2.3437500000000002e-06,,,,,,,,,,,,,,,,,56799,,,,,,,,,,,,
45,,,,,,,,,,,,,,,,,,56799,,0.09079603850841522,,2.939793825149536,,,2.062074899673462,,0.5051771998405457,5.094630718231201,,6144.0
,2.3437500000000002e-06,,,,,,,,,,,,,,,,,56849,,,,,,,,,,,,
45,,,,,,,,,,,,,,,,,,56849,,0.09082848578691483,,2.5212697982788086,,,2.0629873275756836,,0.497996985912323,4.669656276702881,,6144.0
,2.3437500000000002e-06,,,,,,,,,,,,,,,,,56899,,,,,,,,,,,,
45,,,,,,,,,,,,,,,,,,56899,,0.09076838940382004,,2.558377265930176,,,2.061387777328491,,0.49315792322158813,4.700645446777344,,6144.0
,2.3437500000000002e-06,,,,,,,,,,,,,,,,,56949,,,,,,,,,,,,
45,,,,,,,,,,,,,,,,,,56949,,0.09046396613121033,,2.798145294189453,,,2.0593101978302,,0.48571398854255676,4.931307315826416,,6144.0
,2.3437500000000002e-06,,,,,,,,,,,,,,,,,56999,,,,,,,,,,,,
45,,,,,,,,,,,,,,,,,,56999,,0.09025727957487106,,2.6443159580230713,,,2.0600690841674805,,0.5193623304367065,4.811733722686768,,6144.0
,2.3437500000000002e-06,,,,,,,,,,,,,,,,,57049,,,,,,,,,,,,
45,,,,,,,,,,,,,,,,,,57049,,0.0902182087302208,,2.8047001361846924,,,2.0590879917144775,,0.509694516658783,4.961665153503418,,6144.0
,2.3437500000000002e-06,,,,,,,,,,,,,,,,,57099,,,,,,,,,,,,
45,,,,,,,,,,,,,,,,,,57099,,0.09077554941177368,,2.779836893081665,,,2.064088821411133,,0.5023802518844604,4.933488368988037,,6144.0
,2.3437500000000002e-06,,,,,,,,,,,,,,,,,57149,,,,,,,,,,,,
45,,,,,,,,,,,,,,,,,,57149,,0.09046032279729843,,2.50991153717041,,,2.0594875812530518,,0.502385139465332,4.659886837005615,,6144.0
,2.3437500000000002e-06,,,,,,,,,,,,,,,,,57199,,,,,,,,,,,,
45,,,,,,,,,,,,,,,,,,57199,,0.0905892476439476,,2.7495005130767822,,,2.0597383975982666,,0.4996005892753601,4.8968915939331055,,6144.0
,2.3437500000000002e-06,,,,,,,,,,,,,,,,,57249,,,,,,,,,,,,
45,,,,,,,,,,,,,,,,,,57249,,0.09067922830581665,,2.471853494644165,,,2.0618443489074707,,0.5024928450584412,4.62382173538208,,6144.0
,2.3437500000000002e-06,,,,,,,,,,,,,,,,,57299,,,,,,,,,,,,
45,,,,,,,,,,,,,,,,,,57299,,0.09046733379364014,,2.71571683883667,,,2.060847043991089,,0.5072466135025024,4.871641159057617,,6144.0
,2.3437500000000002e-06,,,,,,,,,,,,,,,,,57349,,,,,,,,,,,,
45,,,,,,,,,,,,,,,,,,57349,,0.09054720401763916,,2.3924572467803955,,,2.0609397888183594,,0.49837052822113037,4.53957986831665,,6144.0
,2.3437500000000002e-06,,,,,,,,,,,,,,,,,57399,,,,,,,,,,,,
45,,,,,,,,,,,,,,,,,,57399,,0.09066905826330185,,2.5368244647979736,,,2.0612246990203857,,0.48651599884033203,4.672320365905762,,6144.0
,2.3437500000000002e-06,,,,,,,,,,,,,,,,,57449,,,,,,,,,,,,
45,,,,,,,,,,,,,,,,,,57449,,0.09003222733736038,,2.7316126823425293,,,2.0600624084472656,,0.49739205837249756,4.877054691314697,,6144.0
45,,0.0,0.0086696557700634,0.0005979073466733098,0.00284005980938673,81.25590515136719,7.623931407928467,75.20597839355469,0.00284005980938673,75.20597839355469,1755.0,13380.0,1755.0,0.0,0.0034810735378414392,5.7701323385117576e-05,0.000959585013333708,57453,,,,,,,,,,,,
45,,,,,,,,,,,,,,,,,,57453,0.09700306504964828,,2.7529330253601074,,4.903952598571777,2.0611867904663086,,0.502070426940918,,,6144.0,
,2.3437500000000002e-06,,,,,,,,,,,,,,,,,57499,,,,,,,,,,,,
46,,,,,,,,,,,,,,,,,,57499,,0.09078860282897949,,2.5712571144104004,,,2.06011700630188,,0.5065680742263794,4.725918769836426,,6144.0
,2.3437500000000002e-06,,,,,,,,,,,,,,,,,57549,,,,,,,,,,,,
46,,,,,,,,,,,,,,,,,,57549,,0.09037225693464279,,3.1493453979492188,,,2.0631160736083984,,0.4898734986782074,5.2897114753723145,,6144.0
,2.3437500000000002e-06,,,,,,,,,,,,,,,,,57599,,,,,,,,,,,,
46,,,,,,,,,,,,,,,,,,57599,,0.08977526426315308,,2.7606682777404785,,,2.062176465988159,,0.4974641501903534,4.907873630523682,,6144.0
,2.3437500000000002e-06,,,,,,,,,,,,,,,,,57649,,,,,,,,,,,,
46,,,,,,,,,,,,,,,,,,57649,,0.09048362076282501,,2.8376872539520264,,,2.062730312347412,,0.494030237197876,4.981902122497559,,6144.0
,2.3437500000000002e-06,,,,,,,,,,,,,,,,,57699,,,,,,,,,,,,
46,,,,,,,,,,,,,,,,,,57699,,0.09061369299888611,,2.66265606880188,,,2.061171054840088,,0.512459397315979,4.824052333831787,,6144.0
,2.3437500000000002e-06,,,,,,,,,,,,,,,,,57749,,,,,,,,,,,,
46,,,,,,,,,,,,,,,,,,57749,,0.09004543721675873,,2.551466941833496,,,2.062748670578003,,0.4976949691772461,4.6993608474731445,,6144.0
,2.3437500000000002e-06,,,,,,,,,,,,,,,,,57799,,,,,,,,,,,,
46,,,,,,,,,,,,,,,,,,57799,,0.09077023714780807,,2.471174716949463,,,2.0599098205566406,,0.4867911636829376,4.605893611907959,,6144.0
,2.3437500000000002e-06,,,,,,,,,,,,,,,,,57849,,,,,,,,,,,,
46,,,,,,,,,,,,,,,,,,57849,,0.0899481549859047,,2.7100954055786133,,,2.0620503425598145,,0.5078338980674744,4.867569446563721,,6144.0
,2.3437500000000002e-06,,,,,,,,,,,,,,,,,57899,,,,,,,,,,,,
46,,,,,,,,,,,,,,,,,,57899,,0.09055209159851074,,2.7013230323791504,,,2.0609681606292725,,0.49277782440185547,4.8428754806518555,,6144.0
,2.3437500000000002e-06,,,,,,,,,,,,,,,,,57949,,,,,,,,,,,,
46,,,,,,,,,,,,,,,,,,57949,,0.09133698791265488,,2.9396440982818604,,,2.0626747608184814,,0.5033066272735596,5.093090057373047,,6144.0
,2.3437500000000002e-06,,,,,,,,,,,,,,,,,57999,,,,,,,,,,,,
46,,,,,,,,,,,,,,,,,,57999,,0.08993791788816452,,2.7653918266296387,,,2.0625252723693848,,0.5104721188545227,4.925884246826172,,6144.0
,2.3437500000000002e-06,,,,,,,,,,,,,,,,,58049,,,,,,,,,,,,
46,,,,,,,,,,,,,,,,,,58049,,0.0911298543214798,,2.6482350826263428,,,2.0612680912017822,,0.5041186809539795,4.801368713378906,,6144.0
,2.3437500000000002e-06,,,,,,,,,,,,,,,,,58099,,,,,,,,,,,,
46,,,,,,,,,,,,,,,,,,58099,,0.09040361642837524,,2.6679015159606934,,,2.0594780445098877,,0.49429047107696533,4.809774398803711,,6144.0
,2.3437500000000002e-06,,,,,,,,,,,,,,,,,58149,,,,,,,,,,,,
46,,,,,,,,,,,,,,,,,,58149,,0.09062012284994125,,2.7801389694213867,,,2.06235408782959,,0.4988095760345459,4.928832054138184,,6144.0
,2.3437500000000002e-06,,,,,,,,,,,,,,,,,58199,,,,,,,,,,,,
46,,,,,,,,,,,,,,,,,,58199,,0.09047141671180725,,2.958235263824463,,,2.062913417816162,,0.5077674984931946,5.116333961486816,,6144.0
,2.3437500000000002e-06,,,,,,,,,,,,,,,,,58249,,,,,,,,,,,,
46,,,,,,,,,,,,,,,,,,58249,,0.09065692871809006,,2.8237810134887695,,,2.061509847640991,,0.5094385147094727,4.982427597045898,,6144.0
,2.3437500000000002e-06,,,,,,,,,,,,,,,,,58299,,,,,,,,,,,,
46,,,,,,,,,,,,,,,,,,58299,,0.09022054076194763,,2.9517645835876465,,,2.0650761127471924,,0.501335620880127,5.105161190032959,,6144.0
,2.3437500000000002e-06,,,,,,,,,,,,,,,,,58349,,,,,,,,,,,,
46,,,,,,,,,,,,,,,,,,58349,,0.09027053415775299,,2.4939889907836914,,,2.060987949371338,,0.5114907622337341,4.654270172119141,,6144.0
,2.3437500000000002e-06,,,,,,,,,,,,,,,,,58399,,,,,,,,,,,,
46,,,,,,,,,,,,,,,,,,58399,,0.09091702103614807,,3.1506903171539307,,,2.0635223388671875,,0.5077216625213623,5.309229850769043,,6144.0
,2.3437500000000002e-06,,,,,,,,,,,,,,,,,58449,,,,,,,,,,,,
46,,,,,,,,,,,,,,,,,,58449,,0.09071923047304153,,2.616763114929199,,,2.060605525970459,,0.5111863613128662,4.776433944702148,,6144.0
,2.3437500000000002e-06,,,,,,,,,,,,,,,,,58499,,,,,,,,,,,,
46,,,,,,,,,,,,,,,,,,58499,,0.0911082923412323,,2.74485182762146,,,2.0634756088256836,,0.4970166087150574,4.892648696899414,,6144.0
,2.3437500000000002e-06,,,,,,,,,,,,,,,,,58549,,,,,,,,,,,,
46,,,,,,,,,,,,,,,,,,58549,,0.09112681448459625,,2.720878839492798,,,2.0602896213531494,,0.49204370379447937,4.861154079437256,,6144.0
,2.3437500000000002e-06,,,,,,,,,,,,,,,,,58599,,,,,,,,,,,,
46,,,,,,,,,,,,,,,,,,58599,,0.09068851172924042,,2.5623724460601807,,,2.060433864593506,,0.505138635635376,4.715858459472656,,6144.0
,2.3437500000000002e-06,,,,,,,,,,,,,,,,,58649,,,,,,,,,,,,
46,,,,,,,,,,,,,,,,,,58649,,0.09008115530014038,,2.8027994632720947,,,2.0609257221221924,,0.50737065076828,4.9589104652404785,,6144.0
,2.3437500000000002e-06,,,,,,,,,,,,,,,,,58699,,,,,,,,,,,,
46,,,,,,,,,,,,,,,,,,58699,,0.09049580991268158,,2.797010660171509,,,2.060119390487671,,0.5052201747894287,4.950325965881348,,6144.0
46,,0.0,0.00862529594451189,7.633004861418158e-05,0.0014502709964290261,80.54222869873047,7.464957237243652,73.45832061767578,0.0014502709964290261,73.45832061767578,1755.0,13101.0,1755.0,0.0,0.004939496051520109,2.2792022718931548e-05,0.0008088933536782861,58702,,,,,,,,,,,,
46,,,,,,,,,,,,,,,,,,58702,0.09463916718959808,,2.7506165504455566,,4.901271820068359,2.060901641845703,,0.5019328594207764,,,6144.0,
,2.3437500000000002e-06,,,,,,,,,,,,,,,,,58749,,,,,,,,,,,,
47,,,,,,,,,,,,,,,,,,58749,,0.09021174907684326,,2.9460883140563965,,,2.061526298522949,,0.4841698110103607,5.079479217529297,,6144.0
,2.3437500000000002e-06,,,,,,,,,,,,,,,,,58799,,,,,,,,,,,,
47,,,,,,,,,,,,,,,,,,58799,,0.08986828476190567,,3.1540324687957764,,,2.0604283809661865,,0.5007836818695068,5.303158760070801,,6144.0
,2.3437500000000002e-06,,,,,,,,,,,,,,,,,58849,,,,,,,,,,,,
47,,,,,,,,,,,,,,,,,,58849,,0.09108694642782211,,2.788316011428833,,,2.063323497772217,,0.4958835244178772,4.934858322143555,,6144.0
,2.3437500000000002e-06,,,,,,,,,,,,,,,,,58899,,,,,,,,,,,,
47,,,,,,,,,,,,,,,,,,58899,,0.08997680246829987,,3.0101006031036377,,,2.0619678497314453,,0.48533767461776733,5.145012378692627,,6144.0
,2.3437500000000002e-06,,,,,,,,,,,,,,,,,58949,,,,,,,,,,,,
47,,,,,,,,,,,,,,,,,,58949,,0.09092725813388824,,2.6085169315338135,,,2.0612804889678955,,0.5050263404846191,4.762567520141602,,6144.0
,2.3437500000000002e-06,,,,,,,,,,,,,,,,,58999,,,,,,,,,,,,
47,,,,,,,,,,,,,,,,,,58999,,0.09003622084856033,,2.7424373626708984,,,2.0597097873687744,,0.5089260339736938,4.8991312980651855,,6144.0
,2.3437500000000002e-06,,,,,,,,,,,,,,,,,59049,,,,,,,,,,,,
47,,,,,,,,,,,,,,,,,,59049,,0.09024620801210403,,2.613569974899292,,,2.061776876449585,,0.5032880902290344,4.766279697418213,,6144.0
,2.3437500000000002e-06,,,,,,,,,,,,,,,,,59099,,,,,,,,,,,,
47,,,,,,,,,,,,,,,,,,59099,,0.09221801906824112,,2.7581098079681396,,,2.0609655380249023,,0.5095977187156677,4.91648006439209,,6144.0
,2.3437500000000002e-06,,,,,,,,,,,,,,,,,59149,,,,,,,,,,,,
47,,,,,,,,,,,,,,,,,,59149,,0.09045606106519699,,2.668473958969116,,,2.060783624649048,,0.5041531324386597,4.821254253387451,,6144.0
,2.3437500000000002e-06,,,,,,,,,,,,,,,,,59199,,,,,,,,,,,,
47,,,,,,,,,,,,,,,,,,59199,,0.09030258655548096,,2.7462217807769775,,,2.061446189880371,,0.4930039644241333,4.888382434844971,,6144.0
,2.3437500000000002e-06,,,,,,,,,,,,,,,,,59249,,,,,,,,,,,,
47,,,,,,,,,,,,,,,,,,59249,,0.09058895707130432,,2.6093897819519043,,,2.0631778240203857,,0.5023304224014282,4.762262344360352,,6144.0
,2.3437500000000002e-06,,,,,,,,,,,,,,,,,59299,,,,,,,,,,,,
47,,,,,,,,,,,,,,,,,,59299,,0.09030118584632874,,3.0708184242248535,,,2.0592777729034424,,0.500879168510437,5.219120025634766,,6144.0
,2.3437500000000002e-06,,,,,,,,,,,,,,,,,59349,,,,,,,,,,,,
47,,,,,,,,,,,,,,,,,,59349,,0.09025321900844574,,2.8084018230438232,,,2.060279130935669,,0.491085410118103,4.9477105140686035,,6144.0
,2.3437500000000002e-06,,,,,,,,,,,,,,,,,59399,,,,,,,,,,,,
47,,,,,,,,,,,,,,,,,,59399,,0.0900464653968811,,2.8813555240631104,,,2.05934739112854,,0.5020976066589355,5.030930995941162,,6144.0
,2.3437500000000002e-06,,,,,,,,,,,,,,,,,59449,,,,,,,,,,,,
47,,,,,,,,,,,,,,,,,,59449,,0.09222962707281113,,2.6612937450408936,,,2.0601418018341064,,0.49651622772216797,4.8059234619140625,,6144.0
,2.3437500000000002e-06,,,,,,,,,,,,,,,,,59499,,,,,,,,,,,,
47,,,,,,,,,,,,,,,,,,59499,,0.09095897525548935,,2.7604727745056152,,,2.062201499938965,,0.48550745844841003,4.8957414627075195,,6144.0
,2.3437500000000002e-06,,,,,,,,,,,,,,,,,59549,,,,,,,,,,,,
47,,,,,,,,,,,,,,,,,,59549,,0.09020313620567322,,2.702303171157837,,,2.0614795684814453,,0.5155930519104004,4.867079734802246,,6144.0
,2.3437500000000002e-06,,,,,,,,,,,,,,,,,59599,,,,,,,,,,,,
47,,,,,,,,,,,,,,,,,,59599,,0.09057354182004929,,2.6981844902038574,,,2.0592658519744873,,0.5018007755279541,4.847397804260254,,6144.0
,2.3437500000000002e-06,,,,,,,,,,,,,,,,,59649,,,,,,,,,,,,
47,,,,,,,,,,,,,,,,,,59649,,0.09099263697862625,,2.861673593521118,,,2.059410333633423,,0.49098262190818787,5.000184535980225,,6144.0
,2.3437500000000002e-06,,,,,,,,,,,,,,,,,59699,,,,,,,,,,,,
47,,,,,,,,,,,,,,,,,,59699,,0.08996844291687012,,2.976442813873291,,,2.05863356590271,,0.4983850121498108,5.121734619140625,,6144.0
,2.3437500000000002e-06,,,,,,,,,,,,,,,,,59749,,,,,,,,,,,,
47,,,,,,,,,,,,,,,,,,59749,,0.09050717204809189,,2.737285614013672,,,2.0607080459594727,,0.4996013641357422,4.885453224182129,,6144.0
,2.3437500000000002e-06,,,,,,,,,,,,,,,,,59799,,,,,,,,,,,,
47,,,,,,,,,,,,,,,,,,59799,,0.09025126695632935,,3.042172908782959,,,2.0600311756134033,,0.5062878131866455,5.19648551940918,,6144.0
,2.3437500000000002e-06,,,,,,,,,,,,,,,,,59849,,,,,,,,,,,,
47,,,,,,,,,,,,,,,,,,59849,,0.09115033596754074,,2.8308722972869873,,,2.062901258468628,,0.48760920763015747,4.9688029289245605,,6144.0
,2.3437500000000002e-06,,,,,,,,,,,,,,,,,59899,,,,,,,,,,,,
47,,,,,,,,,,,,,,,,,,59899,,0.09051554650068283,,2.847327470779419,,,2.0608222484588623,,0.5098692774772644,5.00585412979126,,6144.0
,2.3437500000000002e-06,,,,,,,,,,,,,,,,,59949,,,,,,,,,,,,
47,,,,,,,,,,,,,,,,,,59949,,0.0901816338300705,,2.866201639175415,,,2.061406373977661,,0.4819493889808655,4.9972758293151855,,6144.0
47,,0.0,0.018435703590512276,0.001551519613713026,0.005658483132719994,82.30375671386719,6.24330472946167,76.76214599609375,0.005658483132719994,76.76214599609375,1755.0,10957.0,1755.0,0.0,0.004923064727336168,0.0006651298026554286,0.001270814798772335,59951,,,,,,,,,,,,
47,,,,,,,,,,,,,,,,,,59951,0.09591633826494217,,2.7500619888305664,,4.9004645347595215,2.0606064796447754,,0.5019157528877258,,,6144.0,
,2.3437500000000002e-06,,,,,,,,,,,,,,,,,59999,,,,,,,,,,,,
48,,,,,,,,,,,,,,,,,,59999,,0.09051545709371567,,3.0410680770874023,,,2.0607070922851562,,0.5047924518585205,5.194426536560059,,6144.0
,2.3437500000000002e-06,,,,,,,,,,,,,,,,,60049,,,,,,,,,,,,
48,,,,,,,,,,,,,,,,,,60049,,0.09116876870393753,,2.542017698287964,,,2.06083345413208,,0.5068422555923462,4.697526454925537,,6144.0
,2.3437500000000002e-06,,,,,,,,,,,,,,,,,60099,,,,,,,,,,,,
48,,,,,,,,,,,,,,,,,,60099,,0.08993709087371826,,2.796698570251465,,,2.060774326324463,,0.5147452354431152,4.960063457489014,,6144.0
,2.3437500000000002e-06,,,,,,,,,,,,,,,,,60149,,,,,,,,,,,,
48,,,,,,,,,,,,,,,,,,60149,,0.08999097347259521,,2.7740888595581055,,,2.059589147567749,,0.5005519390106201,4.922311782836914,,6144.0
,2.3437500000000002e-06,,,,,,,,,,,,,,,,,60199,,,,,,,,,,,,
48,,,,,,,,,,,,,,,,,,60199,,0.09087305516004562,,2.8217480182647705,,,2.0608010292053223,,0.5004695653915405,4.970858573913574,,6144.0
,2.3437500000000002e-06,,,,,,,,,,,,,,,,,60249,,,,,,,,,,,,
48,,,,,,,,,,,,,,,,,,60249,,0.09035059064626694,,2.5939674377441406,,,2.0596280097961426,,0.5117712020874023,4.753440856933594,,6144.0
,2.3437500000000002e-06,,,,,,,,,,,,,,,,,60299,,,,,,,,,,,,
48,,,,,,,,,,,,,,,,,,60299,,0.09077862650156021,,2.650310516357422,,,2.058241844177246,,0.5001538991928101,4.79705810546875,,6144.0
,2.3437500000000002e-06,,,,,,,,,,,,,,,,,60349,,,,,,,,,,,,
48,,,,,,,,,,,,,,,,,,60349,,0.09108464419841766,,2.8676459789276123,,,2.05973219871521,,0.502987802028656,5.0184197425842285,,6144.0
,2.3437500000000002e-06,,,,,,,,,,,,,,,,,60399,,,,,,,,,,,,
48,,,,,,,,,,,,,,,,,,60399,,0.09015507251024246,,2.7153115272521973,,,2.0599160194396973,,0.5195705890655518,4.882815361022949,,6144.0
,2.3437500000000002e-06,,,,,,,,,,,,,,,,,60449,,,,,,,,,,,,
48,,,,,,,,,,,,,,,,,,60449,,0.09094105660915375,,2.4611129760742188,,,2.0584523677825928,,0.5310324430465698,4.638907432556152,,6144.0
,2.3437500000000002e-06,,,,,,,,,,,,,,,,,60499,,,,,,,,,,,,
48,,,,,,,,,,,,,,,,,,60499,,0.09022349119186401,,2.4177980422973633,,,2.056861162185669,,0.4985036849975586,4.561790466308594,,6144.0
,2.3437500000000002e-06,,,,,,,,,,,,,,,,,60549,,,,,,,,,,,,
48,,,,,,,,,,,,,,,,,,60549,,0.0900915190577507,,2.9423911571502686,,,2.0593438148498535,,0.4862298369407654,5.076096057891846,,6144.0
,2.3437500000000002e-06,,,,,,,,,,,,,,,,,60599,,,,,,,,,,,,
48,,,,,,,,,,,,,,,,,,60599,,0.09021379053592682,,2.516956090927124,,,2.06465744972229,,0.49893414974212646,4.667616367340088,,6144.0
,2.3437500000000002e-06,,,,,,,,,,,,,,,,,60649,,,,,,,,,,,,
48,,,,,,,,,,,,,,,,,,60649,,0.09041919559240341,,2.9270362854003906,,,2.0613338947296143,,0.4930502772331238,5.069153308868408,,6144.0
,2.3437500000000002e-06,,,,,,,,,,,,,,,,,60699,,,,,,,,,,,,
48,,,,,,,,,,,,,,,,,,60699,,0.09017036110162735,,2.5726547241210938,,,2.0610697269439697,,0.4869391918182373,4.708449363708496,,6144.0
,2.3437500000000002e-06,,,,,,,,,,,,,,,,,60749,,,,,,,,,,,,
48,,,,,,,,,,,,,,,,,,60749,,0.09071481227874756,,2.5020523071289062,,,2.0618624687194824,,0.5121316313743591,4.6636738777160645,,6144.0
,2.3437500000000002e-06,,,,,,,,,,,,,,,,,60799,,,,,,,,,,,,
48,,,,,,,,,,,,,,,,,,60799,,0.09046527743339539,,3.0179388523101807,,,2.061142683029175,,0.5050239562988281,5.171876907348633,,6144.0
,2.3437500000000002e-06,,,,,,,,,,,,,,,,,60849,,,,,,,,,,,,
48,,,,,,,,,,,,,,,,,,60849,,0.0907519981265068,,2.5963709354400635,,,2.0722053050994873,,0.5106695890426636,4.764804840087891,,6144.0
,2.3437500000000002e-06,,,,,,,,,,,,,,,,,60899,,,,,,,,,,,,
48,,,,,,,,,,,,,,,,,,60899,,0.09039238840341568,,2.981910467147827,,,2.0626380443573,,0.49703165888786316,5.129052639007568,,6144.0
,2.3437500000000002e-06,,,,,,,,,,,,,,,,,60949,,,,,,,,,,,,
48,,,,,,,,,,,,,,,,,,60949,,0.09065062552690506,,2.7145276069641113,,,2.057180404663086,,0.505711555480957,4.865983486175537,,6144.0
,2.3437500000000002e-06,,,,,,,,,,,,,,,,,60999,,,,,,,,,,,,
48,,,,,,,,,,,,,,,,,,60999,,0.09069273620843887,,2.754591464996338,,,2.0608439445495605,,0.5006389617919922,4.903905868530273,,6144.0
,2.3437500000000002e-06,,,,,,,,,,,,,,,,,61049,,,,,,,,,,,,
48,,,,,,,,,,,,,,,,,,61049,,0.0899863988161087,,2.783514976501465,,,2.058375597000122,,0.49923309683799744,4.92944860458374,,6144.0
,2.3437500000000002e-06,,,,,,,,,,,,,,,,,61099,,,,,,,,,,,,
48,,,,,,,,,,,,,,,,,,61099,,0.09106636792421341,,2.504382848739624,,,2.0595076084136963,,0.4939878284931183,4.645977020263672,,6144.0
,2.3437500000000002e-06,,,,,,,,,,,,,,,,,61149,,,,,,,,,,,,
48,,,,,,,,,,,,,,,,,,61149,,0.09204736351966858,,2.9598376750946045,,,2.058485746383667,,0.49175825715065,5.098384857177734,,6144.0
,2.3437500000000002e-06,,,,,,,,,,,,,,,,,61199,,,,,,,,,,,,
48,,,,,,,,,,,,,,,,,,61199,,0.0901874527335167,,2.4551737308502197,,,2.0594382286071777,,0.507257342338562,4.609981536865234,,6144.0
48,,7.421150075970218e-05,0.012987012974917889,0.0010389609960839152,0.003339517628774047,81.90973663330078,7.678062915802002,73.82083892822266,0.003339517628774047,73.82083892822266,1755.0,13475.0,1755.0,5.18000524607487e-05,0.004816811997443438,0.0006020619766786695,0.001580386538989842,61200,,,,,,,,,,,,
48,,,,,,,,,,,,,,,,,,61200,0.09549038112163544,,2.7489967346191406,,4.898738384246826,2.060305118560791,,0.501501202583313,,,6144.0,
,2.3437500000000002e-06,,,,,,,,,,,,,,,,,61249,,,,,,,,,,,,
49,,,,,,,,,,,,,,,,,,61249,,0.09027891606092453,,2.980597972869873,,,2.0606117248535156,,0.5017103552818298,5.130797863006592,,6144.0
,2.3437500000000002e-06,,,,,,,,,,,,,,,,,61299,,,,,,,,,,,,
49,,,,,,,,,,,,,,,,,,61299,,0.09087181091308594,,2.8924427032470703,,,2.0623996257781982,,0.4935663938522339,5.035928726196289,,6144.0
,2.3437500000000002e-06,,,,,,,,,,,,,,,,,61349,,,,,,,,,,,,
49,,,,,,,,,,,,,,,,,,61349,,0.09023590385913849,,2.7395212650299072,,,2.064528703689575,,0.504872739315033,4.896017074584961,,6144.0
,2.3437500000000002e-06,,,,,,,,,,,,,,,,,61399,,,,,,,,,,,,
49,,,,,,,,,,,,,,,,,,61399,,0.09049215912818909,,2.705881357192993,,,2.065220832824707,,0.49849414825439453,4.8565521240234375,,6144.0
,2.3437500000000002e-06,,,,,,,,,,,,,,,,,61449,,,,,,,,,,,,
49,,,,,,,,,,,,,,,,,,61449,,0.09023897349834442,,2.765084743499756,,,2.0586330890655518,,0.5260860919952393,4.938076972961426,,6144.0
,2.3437500000000002e-06,,,,,,,,,,,,,,,,,61499,,,,,,,,,,,,
49,,,,,,,,,,,,,,,,,,61499,,0.08991055935621262,,2.5837831497192383,,,2.0606558322906494,,0.5021637678146362,4.734471797943115,,6144.0
,2.3437500000000002e-06,,,,,,,,,,,,,,,,,61549,,,,,,,,,,,,
49,,,,,,,,,,,,,,,,,,61549,,0.0903792679309845,,2.7371230125427246,,,2.0602993965148926,,0.5006548762321472,4.886017322540283,,6144.0
,2.3437500000000002e-06,,,,,,,,,,,,,,,,,61599,,,,,,,,,,,,
49,,,,,,,,,,,,,,,,,,61599,,0.09061785787343979,,2.4686636924743652,,,2.0613107681274414,,0.4876382350921631,4.605350494384766,,6144.0
,2.3437500000000002e-06,,,,,,,,,,,,,,,,,61649,,,,,,,,,,,,
49,,,,,,,,,,,,,,,,,,61649,,0.09014959633350372,,2.6515684127807617,,,2.062288761138916,,0.4902338981628418,4.791633129119873,,6144.0
,2.3437500000000002e-06,,,,,,,,,,,,,,,,,61699,,,,,,,,,,,,
49,,,,,,,,,,,,,,,,,,61699,,0.09070252627134323,,2.896399974822998,,,2.059937000274658,,0.5093016624450684,5.053651332855225,,6144.0
,2.3437500000000002e-06,,,,,,,,,,,,,,,,,61749,,,,,,,,,,,,
49,,,,,,,,,,,,,,,,,,61749,,0.09027903527021408,,2.843562364578247,,,2.058722734451294,,0.49516552686691284,4.985705852508545,,6144.0
,2.3437500000000002e-06,,,,,,,,,,,,,,,,,61799,,,,,,,,,,,,
49,,,,,,,,,,,,,,,,,,61799,,0.09045324474573135,,2.5287039279937744,,,2.058455467224121,,0.49237409234046936,4.667842388153076,,6144.0
,2.3437500000000002e-06,,,,,,,,,,,,,,,,,61849,,,,,,,,,,,,
49,,,,,,,,,,,,,,,,,,61849,,0.09031136333942413,,2.8833911418914795,,,2.0582079887390137,,0.4952457547187805,5.025203704833984,,6144.0
,2.3437500000000002e-06,,,,,,,,,,,,,,,,,61899,,,,,,,,,,,,
49,,,,,,,,,,,,,,,,,,61899,,0.09052668511867523,,2.566237449645996,,,2.0592763423919678,,0.4820026159286499,4.6956610679626465,,6144.0
,2.3437500000000002e-06,,,,,,,,,,,,,,,,,61949,,,,,,,,,,,,
49,,,,,,,,,,,,,,,,,,61949,,0.09070092439651489,,2.6934821605682373,,,2.0638668537139893,,0.4932495355606079,4.837825298309326,,6144.0
,2.3437500000000002e-06,,,,,,,,,,,,,,,,,61999,,,,,,,,,,,,
49,,,,,,,,,,,,,,,,,,61999,,0.09072518348693848,,3.0251221656799316,,,2.0624935626983643,,0.5120453834533691,5.187162399291992,,6144.0
,2.3437500000000002e-06,,,,,,,,,,,,,,,,,62049,,,,,,,,,,,,
49,,,,,,,,,,,,,,,,,,62049,,0.09049203246831894,,2.532402753829956,,,2.0603601932525635,,0.5129604339599609,4.69365119934082,,6144.0
,2.3437500000000002e-06,,,,,,,,,,,,,,,,,62099,,,,,,,,,,,,
49,,,,,,,,,,,,,,,,,,62099,,0.09049906581640244,,2.378455400466919,,,2.0578176975250244,,0.48959746956825256,4.514307022094727,,6144.0
,2.3437500000000002e-06,,,,,,,,,,,,,,,,,62149,,,,,,,,,,,,
49,,,,,,,,,,,,,,,,,,62149,,0.09079807996749878,,2.663670063018799,,,2.059765100479126,,0.4899613559246063,4.801443576812744,,6144.0
,2.3437500000000002e-06,,,,,,,,,,,,,,,,,62199,,,,,,,,,,,,
49,,,,,,,,,,,,,,,,,,62199,,0.18784025311470032,,2.5283217430114746,,,2.060516595840454,,0.5069587230682373,4.683693885803223,,6144.0
,2.3437500000000002e-06,,,,,,,,,,,,,,,,,62249,,,,,,,,,,,,
49,,,,,,,,,,,,,,,,,,62249,,0.09086582064628601,,2.8899593353271484,,,2.0611326694488525,,0.49664294719696045,5.035508632659912,,6144.0
,2.3437500000000002e-06,,,,,,,,,,,,,,,,,62299,,,,,,,,,,,,
49,,,,,,,,,,,,,,,,,,62299,,0.08992486447095871,,2.904000759124756,,,2.056931257247925,,0.49831312894821167,5.047858715057373,,6144.0
,2.3437500000000002e-06,,,,,,,,,,,,,,,,,62349,,,,,,,,,,,,
49,,,,,,,,,,,,,,,,,,62349,,0.09047625958919525,,3.013582706451416,,,2.0603058338165283,,0.4947693645954132,5.156597137451172,,6144.0
,2.3437500000000002e-06,,,,,,,,,,,,,,,,,62399,,,,,,,,,,,,
49,,,,,,,,,,,,,,,,,,62399,,0.09011302143335342,,2.448478937149048,,,2.057786226272583,,0.4935629367828369,4.588271141052246,,6144.0
,2.3437500000000002e-06,,,,,,,,,,,,,,,,,62449,,,,,,,,,,,,
49,,,,,,,,,,,,,,,,,,62449,,0.15965980291366577,,3.4089908599853516,,,2.0578854084014893,,0.5057069063186646,5.56100606918335,,6144.0
49,,7.961783558130264e-05,0.014251592569053173,0.0008757961913943291,0.004060509614646435,83.23743438720703,7.156695365905762,78.49467468261719,0.004060509614646435,78.49467468261719,1755.0,12560.0,1755.0,9.496675920672715e-05,0.005225222557783127,0.00038260032306425273,0.0015263849636539817,62449,,,,,,,,,,,,
49,,,,,,,,,,,,,,,,,,62449,0.09475640207529068,,2.749194383621216,,4.898465633392334,2.0600502490997314,,0.5012258291244507,,,6144.0,
,2.3437500000000002e-06,,,,,,,,,,,,,,,,,62499,,,,,,,,,,,,
50,,,,,,,,,,,,,,,,,,62499,,0.09022524952888489,,2.9433345794677734,,,2.055992603302002,,0.4871823787689209,5.075310707092285,,6144.0
,2.3437500000000002e-06,,,,,,,,,,,,,,,,,62549,,,,,,,,,,,,
50,,,,,,,,,,,,,,,,,,62549,,0.08998707681894302,,2.6134679317474365,,,2.0574636459350586,,0.49470674991607666,4.754145622253418,,6144.0
,2.3437500000000002e-06,,,,,,,,,,,,,,,,,62599,,,,,,,,,,,,
50,,,,,,,,,,,,,,,,,,62599,,0.09060966223478317,,2.4838337898254395,,,2.059110641479492,,0.49031978845596313,4.6214423179626465,,6144.0
,2.3437500000000002e-06,,,,,,,,,,,,,,,,,62649,,,,,,,,,,,,
50,,,,,,,,,,,,,,,,,,62649,,0.09091891348361969,,2.9132862091064453,,,2.0589993000030518,,0.5119367241859436,5.072422504425049,,6144.0
,2.3437500000000002e-06,,,,,,,,,,,,,,,,,62699,,,,,,,,,,,,
50,,,,,,,,,,,,,,,,,,62699,,0.08989285677671432,,2.827787160873413,,,2.0607922077178955,,0.5005989670753479,4.977019786834717,,6144.0
,2.3437500000000002e-06,,,,,,,,,,,,,,,,,62749,,,,,,,,,,,,
50,,,,,,,,,,,,,,,,,,62749,,0.09016505628824234,,2.4808239936828613,,,2.056846857070923,,0.48459333181381226,4.610895156860352,,6144.0
,2.3437500000000002e-06,,,,,,,,,,,,,,,,,62799,,,,,,,,,,,,
50,,,,,,,,,,,,,,,,,,62799,,0.09058444947004318,,2.5048635005950928,,,2.056574583053589,,0.5082515478134155,4.658374786376953,,6144.0
,2.3437500000000002e-06,,,,,,,,,,,,,,,,,62849,,,,,,,,,,,,
50,,,,,,,,,,,,,,,,,,62849,,0.09018879383802414,,2.776787757873535,,,2.056980848312378,,0.48914194107055664,4.9115142822265625,,6144.0
,2.3437500000000002e-06,,,,,,,,,,,,,,,,,62899,,,,,,,,,,,,
50,,,,,,,,,,,,,,,,,,62899,,0.0907704308629036,,2.6920251846313477,,,2.0597078800201416,,0.5053805112838745,4.845171928405762,,6144.0
,2.3437500000000002e-06,,,,,,,,,,,,,,,,,62949,,,,,,,,,,,,
50,,,,,,,,,,,,,,,,,,62949,,0.09126938134431839,,2.5554163455963135,,,2.0617775917053223,,0.5194593667984009,4.724297523498535,,6144.0
,2.3437500000000002e-06,,,,,,,,,,,,,,,,,62999,,,,,,,,,,,,
50,,,,,,,,,,,,,,,,,,62999,,0.0899696946144104,,2.7251951694488525,,,2.0608091354370117,,0.5099776983261108,4.883820056915283,,6144.0
,2.3437500000000002e-06,,,,,,,,,,,,,,,,,63049,,,,,,,,,,,,
50,,,,,,,,,,,,,,,,,,63049,,0.09127731621265411,,2.506298542022705,,,2.060065269470215,,0.5096232295036316,4.663973808288574,,6144.0
,2.3437500000000002e-06,,,,,,,,,,,,,,,,,63099,,,,,,,,,,,,
50,,,,,,,,,,,,,,,,,,63099,,0.09264422953128815,,2.739173412322998,,,2.0617449283599854,,0.5061287879943848,4.894698143005371,,6144.0
,2.3437500000000002e-06,,,,,,,,,,,,,,,,,63149,,,,,,,,,,,,
50,,,,,,,,,,,,,,,,,,63149,,0.09067520499229431,,2.7494735717773438,,,2.060802936553955,,0.5070644617080688,4.90518045425415,,6144.0
,2.3437500000000002e-06,,,,,,,,,,,,,,,,,63199,,,,,,,,,,,,
50,,,,,,,,,,,,,,,,,,63199,,0.09109900891780853,,2.481640100479126,,,2.061507225036621,,0.493630588054657,4.624476432800293,,6144.0
,2.3437500000000002e-06,,,,,,,,,,,,,,,,,63249,,,,,,,,,,,,
50,,,,,,,,,,,,,,,,,,63249,,0.09064924716949463,,2.9266889095306396,,,2.06191086769104,,0.4973488450050354,5.073566436767578,,6144.0
,2.3437500000000002e-06,,,,,,,,,,,,,,,,,63299,,,,,,,,,,,,
50,,,,,,,,,,,,,,,,,,63299,,0.09026048332452774,,2.5842041969299316,,,2.0620973110198975,,0.48686105012893677,4.720743179321289,,6144.0
,2.3437500000000002e-06,,,,,,,,,,,,,,,,,63349,,,,,,,,,,,,
50,,,,,,,,,,,,,,,,,,63349,,0.0904623344540596,,2.7034108638763428,,,2.0594823360443115,,0.48807966709136963,4.839076519012451,,6144.0
,2.3437500000000002e-06,,,,,,,,,,,,,,,,,63399,,,,,,,,,,,,
50,,,,,,,,,,,,,,,,,,63399,,0.09094367921352386,,2.6998631954193115,,,2.0610618591308594,,0.48668819665908813,4.8354010581970215,,6144.0
,2.3437500000000002e-06,,,,,,,,,,,,,,,,,63449,,,,,,,,,,,,
50,,,,,,,,,,,,,,,,,,63449,,0.09013529866933823,,2.7296624183654785,,,2.0569498538970947,,0.4906231462955475,4.865845203399658,,6144.0
,2.3437500000000002e-06,,,,,,,,,,,,,,,,,63499,,,,,,,,,,,,
50,,,,,,,,,,,,,,,,,,63499,,0.09018751978874207,,2.667438268661499,,,2.061001777648926,,0.5019285082817078,4.8181681632995605,,6144.0
,2.3437500000000002e-06,,,,,,,,,,,,,,,,,63549,,,,,,,,,,,,
50,,,,,,,,,,,,,,,,,,63549,,0.09114828705787659,,3.2522661685943604,,,2.0602707862854004,,0.49134474992752075,5.391827583312988,,6144.0
,2.3437500000000002e-06,,,,,,,,,,,,,,,,,63599,,,,,,,,,,,,
50,,,,,,,,,,,,,,,,,,63599,,0.0903792679309845,,2.9051120281219482,,,2.0604500770568848,,0.4997107684612274,5.053182601928711,,6144.0
,2.3437500000000002e-06,,,,,,,,,,,,,,,,,63649,,,,,,,,,,,,
50,,,,,,,,,,,,,,,,,,63649,,0.09006095677614212,,2.9979472160339355,,,2.057379722595215,,0.49168699979782104,5.135538101196289,,6144.0
50,,0.0,0.013346460647881031,0.0012033694656565785,0.005907449871301651,83.9725112915039,5.208547115325928,75.29072570800781,0.005907449871301651,75.29072570800781,1755.0,9141.0,1755.0,0.0,0.003315900918096304,0.0004550106532406062,0.0014325253432616591,63698,,,,,,,,,,,,
50,,,,,,,,,,,,,,,,,,63698,0.09520883858203888,,2.7476441860198975,,4.896268367767334,2.059760093688965,,0.5008144378662109,,,6144.0,
,2.3437500000000002e-06,,,,,,,,,,,,,,,,,63699,,,,,,,,,,,,
51,,,,,,,,,,,,,,,,,,63699,,0.09244774281978607,,2.34802508354187,,,2.0578129291534424,,0.5072523355484009,4.501527786254883,,6144.0
,2.3437500000000002e-06,,,,,,,,,,,,,,,,,63749,,,,,,,,,,,,
51,,,,,,,,,,,,,,,,,,63749,,0.09024102240800858,,2.9178428649902344,,,2.057781934738159,,0.4699079096317291,5.033976078033447,,6144.0
,2.3437500000000002e-06,,,,,,,,,,,,,,,,,63799,,,,,,,,,,,,
51,,,,,,,,,,,,,,,,,,63799,,0.09034547209739685,,2.780104398727417,,,2.060758113861084,,0.5131790041923523,4.941889762878418,,6144.0
,2.3437500000000002e-06,,,,,,,,,,,,,,,,,63849,,,,,,,,,,,,
51,,,,,,,,,,,,,,,,,,63849,,0.09063820540904999,,3.0048916339874268,,,2.058034658432007,,0.5145125985145569,5.165832042694092,,6144.0
,2.3437500000000002e-06,,,,,,,,,,,,,,,,,63899,,,,,,,,,,,,
51,,,,,,,,,,,,,,,,,,63899,,0.090629443526268,,2.6486401557922363,,,2.0614068508148193,,0.5175144672393799,4.815279960632324,,6144.0
,2.3437500000000002e-06,,,,,,,,,,,,,,,,,63949,,,,,,,,,,,,
51,,,,,,,,,,,,,,,,,,63949,,0.08971965312957764,,2.845527172088623,,,2.0586087703704834,,0.49659866094589233,4.989013195037842,,6144.0
,2.3437500000000002e-06,,,,,,,,,,,,,,,,,63999,,,,,,,,,,,,
51,,,,,,,,,,,,,,,,,,63999,,0.09033113718032837,,2.8898158073425293,,,2.061919927597046,,0.49316370487213135,5.032515525817871,,6144.0
,2.3437500000000002e-06,,,,,,,,,,,,,,,,,64049,,,,,,,,,,,,
51,,,,,,,,,,,,,,,,,,64049,,0.08985590189695358,,2.6282055377960205,,,2.0588409900665283,,0.5032650232315063,4.778542995452881,,6144.0
,2.3437500000000002e-06,,,,,,,,,,,,,,,,,64099,,,,,,,,,,,,
51,,,,,,,,,,,,,,,,,,64099,,0.09043968468904495,,2.96769118309021,,,2.0603411197662354,,0.510038435459137,5.126002311706543,,6144.0
,2.3437500000000002e-06,,,,,,,,,,,,,,,,,64149,,,,,,,,,,,,
51,,,,,,,,,,,,,,,,,,64149,,0.09007404744625092,,2.603285312652588,,,2.0577433109283447,,0.5123776793479919,4.761857986450195,,6144.0
,2.3437500000000002e-06,,,,,,,,,,,,,,,,,64199,,,,,,,,,,,,
51,,,,,,,,,,,,,,,,,,64199,,0.09122470021247864,,3.1009652614593506,,,2.0604305267333984,,0.5162751078605652,5.265584468841553,,6144.0
,2.3437500000000002e-06,,,,,,,,,,,,,,,,,64249,,,,,,,,,,,,
51,,,,,,,,,,,,,,,,,,64249,,0.0906239002943039,,2.461611747741699,,,2.0616557598114014,,0.4978616237640381,4.608798027038574,,6144.0
,2.3437500000000002e-06,,,,,,,,,,,,,,,,,64299,,,,,,,,,,,,
51,,,,,,,,,,,,,,,,,,64299,,0.0906311646103859,,2.5846049785614014,,,2.062527894973755,,0.49806296825408936,4.732690334320068,,6144.0
,2.3437500000000002e-06,,,,,,,,,,,,,,,,,64349,,,,,,,,,,,,
51,,,,,,,,,,,,,,,,,,64349,,0.09027394652366638,,2.7744109630584717,,,2.057866096496582,,0.5155333876609802,4.936237335205078,,6144.0
,2.3437500000000002e-06,,,,,,,,,,,,,,,,,64399,,,,,,,,,,,,
51,,,,,,,,,,,,,,,,,,64399,,0.08958156406879425,,2.910717487335205,,,2.0564403533935547,,0.5081771612167358,5.064047336578369,,6144.0
,2.3437500000000002e-06,,,,,,,,,,,,,,,,,64449,,,,,,,,,,,,
51,,,,,,,,,,,,,,,,,,64449,,0.09074787050485611,,2.8182573318481445,,,2.059845447540283,,0.4991459846496582,4.965279579162598,,6144.0
,2.3437500000000002e-06,,,,,,,,,,,,,,,,,64499,,,,,,,,,,,,
51,,,,,,,,,,,,,,,,,,64499,,0.08992969244718552,,2.7074344158172607,,,2.0600709915161133,,0.4863673150539398,4.841858386993408,,6144.0
,2.3437500000000002e-06,,,,,,,,,,,,,,,,,64549,,,,,,,,,,,,
51,,,,,,,,,,,,,,,,,,64549,,0.09066681563854218,,2.701031446456909,,,2.0593111515045166,,0.505094051361084,4.853574275970459,,6144.0
,2.3437500000000002e-06,,,,,,,,,,,,,,,,,64599,,,,,,,,,,,,
51,,,,,,,,,,,,,,,,,,64599,,0.09136319905519485,,2.389528512954712,,,2.0579681396484375,,0.4915231466293335,4.527426242828369,,6144.0
,2.3437500000000002e-06,,,,,,,,,,,,,,,,,64649,,,,,,,,,,,,
51,,,,,,,,,,,,,,,,,,64649,,0.08989199995994568,,3.1937978267669678,,,2.059486150741577,,0.5144009590148926,5.355787754058838,,6144.0
,2.3437500000000002e-06,,,,,,,,,,,,,,,,,64699,,,,,,,,,,,,
51,,,,,,,,,,,,,,,,,,64699,,0.09014364331960678,,2.9387431144714355,,,2.0584120750427246,,0.4993478059768677,5.084820747375488,,6144.0
,2.3437500000000002e-06,,,,,,,,,,,,,,,,,64749,,,,,,,,,,,,
51,,,,,,,,,,,,,,,,,,64749,,0.09022873640060425,,2.9428741931915283,,,2.0585100650787354,,0.4939393401145935,5.083621501922607,,6144.0
,2.3437500000000002e-06,,,,,,,,,,,,,,,,,64799,,,,,,,,,,,,
51,,,,,,,,,,,,,,,,,,64799,,0.09085849672555923,,2.590766429901123,,,2.0640668869018555,,0.5049100518226624,4.746930122375488,,6144.0
,2.3437500000000002e-06,,,,,,,,,,,,,,,,,64849,,,,,,,,,,,,
51,,,,,,,,,,,,,,,,,,64849,,0.0901724174618721,,2.8823111057281494,,,2.0610287189483643,,0.49909675121307373,5.03023099899292,,6144.0
,2.3437500000000002e-06,,,,,,,,,,,,,,,,,64899,,,,,,,,,,,,
51,,,,,,,,,,,,,,,,,,64899,,0.09079593420028687,,2.8116302490234375,,,2.0612430572509766,,0.5019435286521912,4.962568283081055,,6144.0
51,,0.0,0.008250992745161057,0.00010186411236645654,0.001222369377501309,83.93159484863281,5.5937323570251465,75.91500091552734,0.001222369377501309,75.91500091552734,1755.0,9817.0,1755.0,0.0,0.004015086218714714,0.0001899335184134543,0.001044634380377829,64947,,,,,,,,,,,,
51,,,,,,,,,,,,,,,,,,64947,0.09521085768938065,,2.746598243713379,,4.894972324371338,2.059462547302246,,0.5007985830307007,,,6144.0,
,2.3437500000000002e-06,,,,,,,,,,,,,,,,,64949,,,,,,,,,,,,
52,,,,,,,,,,,,,,,,,,64949,,0.0902082622051239,,3.1006436347961426,,,2.0616257190704346,,0.4984292984008789,5.248373508453369,,6144.0
,2.3437500000000002e-06,,,,,,,,,,,,,,,,,64999,,,,,,,,,,,,
52,,,,,,,,,,,,,,,,,,64999,,0.09047655016183853,,2.950721263885498,,,2.0588841438293457,,0.4954158067703247,5.093244552612305,,6144.0
,2.3437500000000002e-06,,,,,,,,,,,,,,,,,65049,,,,,,,,,,,,
52,,,,,,,,,,,,,,,,,,65049,,0.09030351787805557,,2.7059926986694336,,,2.057683229446411,,0.5150251984596252,4.867164611816406,,6144.0
,2.3437500000000002e-06,,,,,,,,,,,,,,,,,65099,,,,,,,,,,,,
52,,,,,,,,,,,,,,,,,,65099,,0.09060154110193253,,2.871866226196289,,,2.060333013534546,,0.5112614631652832,5.031394004821777,,6144.0
,2.3437500000000002e-06,,,,,,,,,,,,,,,,,65149,,,,,,,,,,,,
52,,,,,,,,,,,,,,,,,,65149,,0.09137661010026932,,2.5416452884674072,,,2.064551591873169,,0.5037165880203247,4.69700288772583,,6144.0
,2.3437500000000002e-06,,,,,,,,,,,,,,,,,65199,,,,,,,,,,,,
52,,,,,,,,,,,,,,,,,,65199,,0.09039901196956635,,2.85294508934021,,,2.056065559387207,,0.49545174837112427,4.993249416351318,,6144.0
,2.3437500000000002e-06,,,,,,,,,,,,,,,,,65249,,,,,,,,,,,,
52,,,,,,,,,,,,,,,,,,65249,,0.0902041643857956,,2.5597455501556396,,,2.059870958328247,,0.49496573209762573,4.702608108520508,,6144.0
,2.3437500000000002e-06,,,,,,,,,,,,,,,,,65299,,,,,,,,,,,,
52,,,,,,,,,,,,,,,,,,65299,,0.0908912643790245,,3.070735454559326,,,2.0622496604919434,,0.508535623550415,5.229070663452148,,6144.0
,2.3437500000000002e-06,,,,,,,,,,,,,,,,,65349,,,,,,,,,,,,
52,,,,,,,,,,,,,,,,,,65349,,0.09114605188369751,,3.0275585651397705,,,2.0607025623321533,,0.5070253014564514,5.183145999908447,,6144.0
,2.3437500000000002e-06,,,,,,,,,,,,,,,,,65399,,,,,,,,,,,,
52,,,,,,,,,,,,,,,,,,65399,,0.09048771113157272,,2.5462605953216553,,,2.057060718536377,,0.5075646638870239,4.699473857879639,,6144.0
,2.3437500000000002e-06,,,,,,,,,,,,,,,,,65449,,,,,,,,,,,,
52,,,,,,,,,,,,,,,,,,65449,,0.09082259237766266,,2.859257459640503,,,2.0612802505493164,,0.48470085859298706,4.992982387542725,,6144.0
,2.3437500000000002e-06,,,,,,,,,,,,,,,,,65499,,,,,,,,,,,,
52,,,,,,,,,,,,,,,,,,65499,,0.09043427556753159,,2.9844162464141846,,,2.059811592102051,,0.5036697387695312,5.135935306549072,,6144.0
,2.3437500000000002e-06,,,,,,,,,,,,,,,,,65549,,,,,,,,,,,,
52,,,,,,,,,,,,,,,,,,65549,,0.08998195081949234,,2.6868786811828613,,,2.0582687854766846,,0.495538592338562,4.8290324211120605,,6144.0
,2.3437500000000002e-06,,,,,,,,,,,,,,,,,65599,,,,,,,,,,,,
52,,,,,,,,,,,,,,,,,,65599,,0.09045004844665527,,2.5582923889160156,,,2.0602333545684814,,0.4907929599285126,4.697271823883057,,6144.0
,2.3437500000000002e-06,,,,,,,,,,,,,,,,,65649,,,,,,,,,,,,
52,,,,,,,,,,,,,,,,,,65649,,0.09046332538127899,,2.796921491622925,,,2.058811902999878,,0.5058773756027222,4.949848651885986,,6144.0
,2.3437500000000002e-06,,,,,,,,,,,,,,,,,65699,,,,,,,,,,,,
52,,,,,,,,,,,,,,,,,,65699,,0.09032601863145828,,2.36637020111084,,,2.071046829223633,,0.5068076252937317,4.530015468597412,,6144.0
,2.3437500000000002e-06,,,,,,,,,,,,,,,,,65749,,,,,,,,,,,,
52,,,,,,,,,,,,,,,,,,65749,,0.09070797264575958,,2.4119668006896973,,,2.0595548152923584,,0.5126141905784607,4.572225093841553,,6144.0
,2.3437500000000002e-06,,,,,,,,,,,,,,,,,65799,,,,,,,,,,,,
52,,,,,,,,,,,,,,,,,,65799,,0.0901048332452774,,2.8837969303131104,,,2.0598092079162598,,0.48667341470718384,5.018317699432373,,6144.0
,2.3437500000000002e-06,,,,,,,,,,,,,,,,,65849,,,,,,,,,,,,
52,,,,,,,,,,,,,,,,,,65849,,0.09080729633569717,,2.2691731452941895,,,2.0577924251556396,,0.5074908137321472,4.422897815704346,,6144.0
,2.3437500000000002e-06,,,,,,,,,,,,,,,,,65899,,,,,,,,,,,,
52,,,,,,,,,,,,,,,,,,65899,,0.0903584286570549,,3.015699625015259,,,2.0626511573791504,,0.5113825798034668,5.177203178405762,,6144.0
,2.3437500000000002e-06,,,,,,,,,,,,,,,,,65949,,,,,,,,,,,,
52,,,,,,,,,,,,,,,,,,65949,,0.08975974470376968,,2.7283101081848145,,,2.0556108951568604,,0.5009920597076416,4.873790740966797,,6144.0
,2.3437500000000002e-06,,,,,,,,,,,,,,,,,65999,,,,,,,,,,,,
52,,,,,,,,,,,,,,,,,,65999,,0.09094838798046112,,2.5260510444641113,,,2.0602986812591553,,0.4892100989818573,4.6635003089904785,,6144.0
,2.3437500000000002e-06,,,,,,,,,,,,,,,,,66049,,,,,,,,,,,,
52,,,,,,,,,,,,,,,,,,66049,,0.09092316776514053,,2.8810482025146484,,,2.057795763015747,,0.49664512276649475,5.023929595947266,,6144.0
,2.3437500000000002e-06,,,,,,,,,,,,,,,,,66099,,,,,,,,,,,,
52,,,,,,,,,,,,,,,,,,66099,,0.09069977700710297,,2.7454025745391846,,,2.0588181018829346,,0.4856494069099426,4.878106594085693,,6144.0
,2.3437500000000002e-06,,,,,,,,,,,,,,,,,66149,,,,,,,,,,,,
52,,,,,,,,,,,,,,,,,,66149,,0.09045158326625824,,2.8256680965423584,,,2.0568885803222656,,0.5075302124023438,4.9787092208862305,,6144.0
52,,0.0,0.009421143680810928,0.00018117582658305764,0.0010870549594983459,83.37281036376953,6.2900285720825195,77.79175567626953,0.0010870549594983459,77.79175567626953,1755.0,11039.0,1755.0,0.0,0.0025249787140637636,3.929659214918502e-05,0.00026015075854957104,66196,,,,,,,,,,,,
52,,,,,,,,,,,,,,,,,,66196,0.09499571472406387,,2.7454824447631836,,4.893445014953613,2.059217929840088,,0.5005916953086853,,,6144.0,
,2.3437500000000002e-06,,,,,,,,,,,,,,,,,66199,,,,,,,,,,,,
53,,,,,,,,,,,,,,,,,,66199,,0.11254391074180603,,2.8077709674835205,,,2.0585272312164307,,0.48887836933135986,4.9434709548950195,,6144.0
,2.3437500000000002e-06,,,,,,,,,,,,,,,,,66249,,,,,,,,,,,,
53,,,,,,,,,,,,,,,,,,66249,,0.09075798094272614,,2.620412588119507,,,2.058647394180298,,0.5002942681312561,4.767624855041504,,6144.0
,2.3437500000000002e-06,,,,,,,,,,,,,,,,,66299,,,,,,,,,,,,
53,,,,,,,,,,,,,,,,,,66299,,0.09037312120199203,,2.947805643081665,,,2.062242269515991,,0.501476526260376,5.099076271057129,,6144.0
,2.3437500000000002e-06,,,,,,,,,,,,,,,,,66349,,,,,,,,,,,,
53,,,,,,,,,,,,,,,,,,66349,,0.09089730679988861,,2.793625593185425,,,2.0582423210144043,,0.49454158544540405,4.934761047363281,,6144.0
,2.3437500000000002e-06,,,,,,,,,,,,,,,,,66399,,,,,,,,,,,,
53,,,,,,,,,,,,,,,,,,66399,,0.09005260467529297,,2.3698551654815674,,,2.0563275814056396,,0.5108151435852051,4.525732517242432,,6144.0
,2.3437500000000002e-06,,,,,,,,,,,,,,,,,66449,,,,,,,,,,,,
53,,,,,,,,,,,,,,,,,,66449,,0.09076835215091705,,2.9638900756835938,,,2.060529947280884,,0.4883750081062317,5.10068941116333,,6144.0
,2.3437500000000002e-06,,,,,,,,,,,,,,,,,66499,,,,,,,,,,,,
53,,,,,,,,,,,,,,,,,,66499,,0.108278788626194,,2.9571990966796875,,,2.059293270111084,,0.5031524300575256,5.107786178588867,,6144.0
,2.3437500000000002e-06,,,,,,,,,,,,,,,,,66549,,,,,,,,,,,,
53,,,,,,,,,,,,,,,,,,66549,,0.1947389394044876,,2.6149399280548096,,,2.059730052947998,,0.4956524670124054,4.758376598358154,,6144.0
,2.3437500000000002e-06,,,,,,,,,,,,,,,,,66599,,,,,,,,,,,,
53,,,,,,,,,,,,,,,,,,66599,,0.16459879279136658,,3.011762857437134,,,2.060121536254883,,0.49286866188049316,5.152729034423828,,6144.0
,2.3437500000000002e-06,,,,,,,,,,,,,,,,,66649,,,,,,,,,,,,
53,,,,,,,,,,,,,,,,,,66649,,0.09035449475049973,,2.9093177318573,,,2.0579323768615723,,0.490437388420105,5.046101093292236,,6144.0
,2.3437500000000002e-06,,,,,,,,,,,,,,,,,66699,,,,,,,,,,,,
53,,,,,,,,,,,,,,,,,,66699,,0.09060749411582947,,2.7814550399780273,,,2.0604960918426514,,0.5065715909004211,4.9364237785339355,,6144.0
,2.3437500000000002e-06,,,,,,,,,,,,,,,,,66749,,,,,,,,,,,,
53,,,,,,,,,,,,,,,,,,66749,,0.18131980299949646,,2.727005958557129,,,2.063606023788452,,0.49160146713256836,4.869492053985596,,6144.0
,2.3437500000000002e-06,,,,,,,,,,,,,,,,,66799,,,,,,,,,,,,
53,,,,,,,,,,,,,,,,,,66799,,0.09041286259889603,,2.82014536857605,,,2.0569889545440674,,0.5122390985488892,4.977975368499756,,6144.0
,2.3437500000000002e-06,,,,,,,,,,,,,,,,,66849,,,,,,,,,,,,
53,,,,,,,,,,,,,,,,,,66849,,0.09048882871866226,,3.050706624984741,,,2.0606682300567627,,0.512988269329071,5.212229251861572,,6144.0
,2.3437500000000002e-06,,,,,,,,,,,,,,,,,66899,,,,,,,,,,,,
53,,,,,,,,,,,,,,,,,,66899,,0.09180979430675507,,2.5378236770629883,,,2.0595719814300537,,0.4986453056335449,4.684126377105713,,6144.0
,2.3437500000000002e-06,,,,,,,,,,,,,,,,,66949,,,,,,,,,,,,
53,,,,,,,,,,,,,,,,,,66949,,0.0904335007071495,,2.7098453044891357,,,2.0562477111816406,,0.4839072823524475,4.838750839233398,,6144.0
,2.3437500000000002e-06,,,,,,,,,,,,,,,,,66999,,,,,,,,,,,,
53,,,,,,,,,,,,,,,,,,66999,,0.09052979201078415,,2.8146262168884277,,,2.046067476272583,,0.47775641083717346,4.929236888885498,,6144.0
,2.3437500000000002e-06,,,,,,,,,,,,,,,,,67049,,,,,,,,,,,,
53,,,,,,,,,,,,,,,,,,67049,,0.09031952172517776,,2.6480536460876465,,,2.0581209659576416,,0.5090535879135132,4.8036041259765625,,6144.0
,2.3437500000000002e-06,,,,,,,,,,,,,,,,,67099,,,,,,,,,,,,
53,,,,,,,,,,,,,,,,,,67099,,0.09065581113100052,,2.5159285068511963,,,2.0597527027130127,,0.5104449391365051,4.67417573928833,,6144.0
,2.3437500000000002e-06,,,,,,,,,,,,,,,,,67149,,,,,,,,,,,,
53,,,,,,,,,,,,,,,,,,67149,,0.1794375628232956,,2.972318172454834,,,2.05837082862854,,0.47796395421028137,5.096978664398193,,6144.0
,2.3437500000000002e-06,,,,,,,,,,,,,,,,,67199,,,,,,,,,,,,
53,,,,,,,,,,,,,,,,,,67199,,0.09038527309894562,,2.6663260459899902,,,2.05767822265625,,0.49853309988975525,4.811001777648926,,6144.0
,2.3437500000000002e-06,,,,,,,,,,,,,,,,,67249,,,,,,,,,,,,
53,,,,,,,,,,,,,,,,,,67249,,0.09055916965007782,,2.888390302658081,,,2.0606627464294434,,0.5191513895988464,5.056071758270264,,6144.0
,2.3437500000000002e-06,,,,,,,,,,,,,,,,,67299,,,,,,,,,,,,
53,,,,,,,,,,,,,,,,,,67299,,0.12143516540527344,,2.6243577003479004,,,2.0597898960113525,,0.50227952003479,4.774469375610352,,6144.0
,2.3437500000000002e-06,,,,,,,,,,,,,,,,,67349,,,,,,,,,,,,
53,,,,,,,,,,,,,,,,,,67349,,0.09065701812505722,,2.609589099884033,,,2.0593299865722656,,0.4857878088951111,4.7428412437438965,,6144.0
,2.3437500000000002e-06,,,,,,,,,,,,,,,,,67399,,,,,,,,,,,,
53,,,,,,,,,,,,,,,,,,67399,,0.12923085689544678,,2.7373268604278564,,,2.059178590774536,,0.5169970989227295,4.901666641235352,,6144.0
53,,0.0,0.01150509249418974,0.00037721614353358746,0.0025462089106440544,82.4242172241211,6.042165279388428,75.43001556396484,0.0025462089106440544,75.43001556396484,1755.0,10604.0,1755.0,0.0,0.004010073374956846,5.064893775852397e-05,0.0009807255119085312,67445,,,,,,,,,,,,
53,,,,,,,,,,,,,,,,,,67445,0.09591785818338394,,2.74433970451355,,4.891489505767822,2.058979034423828,,0.4999661147594452,,,6144.0,
,2.3437500000000002e-06,,,,,,,,,,,,,,,,,67449,,,,,,,,,,,,
54,,,,,,,,,,,,,,,,,,67449,,0.09010902047157288,,2.6885788440704346,,,2.0574986934661865,,0.496341347694397,4.830918788909912,,6144.0
,2.3437500000000002e-06,,,,,,,,,,,,,,,,,67499,,,,,,,,,,,,
54,,,,,,,,,,,,,,,,,,67499,,0.09063933044672012,,2.7877023220062256,,,2.0576295852661133,,0.4984760284423828,4.932281970977783,,6144.0
,2.3437500000000002e-06,,,,,,,,,,,,,,,,,67549,,,,,,,,,,,,
54,,,,,,,,,,,,,,,,,,67549,,0.09051647782325745,,2.508993625640869,,,2.0588295459747314,,0.5224397778511047,4.678497314453125,,6144.0
,2.3437500000000002e-06,,,,,,,,,,,,,,,,,67599,,,,,,,,,,,,
54,,,,,,,,,,,,,,,,,,67599,,0.09077724814414978,,3.1111671924591064,,,2.063227415084839,,0.5181344747543335,5.279883861541748,,6144.0
,2.3437500000000002e-06,,,,,,,,,,,,,,,,,67649,,,,,,,,,,,,
54,,,,,,,,,,,,,,,,,,67649,,0.09035980701446533,,2.904040813446045,,,2.0593528747558594,,0.49320703744888306,5.044730186462402,,6144.0
,2.3437500000000002e-06,,,,,,,,,,,,,,,,,67699,,,,,,,,,,,,
54,,,,,,,,,,,,,,,,,,67699,,0.18593589961528778,,2.477428436279297,,,2.0565621852874756,,0.5019141435623169,4.624592304229736,,6144.0
,2.3437500000000002e-06,,,,,,,,,,,,,,,,,67749,,,,,,,,,,,,
54,,,,,,,,,,,,,,,,,,67749,,0.12577587366104126,,2.796719551086426,,,2.0613181591033936,,0.5119388103485107,4.9577131271362305,,6144.0
,2.3437500000000002e-06,,,,,,,,,,,,,,,,,67799,,,,,,,,,,,,
54,,,,,,,,,,,,,,,,,,67799,,0.08976172655820847,,2.8032896518707275,,,2.0561022758483887,,0.4925317168235779,4.940703392028809,,6144.0
,2.3437500000000002e-06,,,,,,,,,,,,,,,,,67849,,,,,,,,,,,,
54,,,,,,,,,,,,,,,,,,67849,,0.09023693203926086,,2.3382859230041504,,,2.0566506385803223,,0.49143078923225403,4.475037097930908,,6144.0
,2.3437500000000002e-06,,,,,,,,,,,,,,,,,67899,,,,,,,,,,,,
54,,,,,,,,,,,,,,,,,,67899,,0.16692329943180084,,2.7939915657043457,,,2.058182716369629,,0.5056320428848267,4.946169853210449,,6144.0
,2.3437500000000002e-06,,,,,,,,,,,,,,,,,67949,,,,,,,,,,,,
54,,,,,,,,,,,,,,,,,,67949,,0.09031680226325989,,2.648171901702881,,,2.0596745014190674,,0.49499472975730896,4.7909064292907715,,6144.0
,2.3437500000000002e-06,,,,,,,,,,,,,,,,,67999,,,,,,,,,,,,
54,,,,,,,,,,,,,,,,,,67999,,0.09042730182409286,,2.688671588897705,,,2.0609331130981445,,0.48789066076278687,4.825308799743652,,6144.0
,2.3437500000000002e-06,,,,,,,,,,,,,,,,,68049,,,,,,,,,,,,
54,,,,,,,,,,,,,,,,,,68049,,0.09043865650892258,,3.0400326251983643,,,2.058682680130005,,0.49251800775527954,5.179496765136719,,6144.0
,2.3437500000000002e-06,,,,,,,,,,,,,,,,,68099,,,,,,,,,,,,
54,,,,,,,,,,,,,,,,,,68099,,0.09012079983949661,,2.5415685176849365,,,2.0552914142608643,,0.4956628680229187,4.681464195251465,,6144.0
,2.3437500000000002e-06,,,,,,,,,,,,,,,,,68149,,,,,,,,,,,,
54,,,,,,,,,,,,,,,,,,68149,,0.09118617326021194,,2.752858877182007,,,2.059960126876831,,0.4887338876724243,4.889560699462891,,6144.0
,2.3437500000000002e-06,,,,,,,,,,,,,,,,,68199,,,,,,,,,,,,
54,,,,,,,,,,,,,,,,,,68199,,0.09055949002504349,,2.683291435241699,,,2.0609920024871826,,0.5240513682365417,4.856136322021484,,6144.0
,2.3437500000000002e-06,,,,,,,,,,,,,,,,,68249,,,,,,,,,,,,
54,,,,,,,,,,,,,,,,,,68249,,0.1926584392786026,,2.7373335361480713,,,2.0578274726867676,,0.48669955134391785,4.87029504776001,,6144.0
,2.3437500000000002e-06,,,,,,,,,,,,,,,,,68299,,,,,,,,,,,,
54,,,,,,,,,,,,,,,,,,68299,,0.09069120138883591,,2.8138368129730225,,,2.0573508739471436,,0.5031152963638306,4.962832927703857,,6144.0
,2.3437500000000002e-06,,,,,,,,,,,,,,,,,68349,,,,,,,,,,,,
54,,,,,,,,,,,,,,,,,,68349,,0.09002630412578583,,2.7366483211517334,,,2.0598087310791016,,0.4959384799003601,4.880433559417725,,6144.0
,2.3437500000000002e-06,,,,,,,,,,,,,,,,,68399,,,,,,,,,,,,
54,,,,,,,,,,,,,,,,,,68399,,0.09069155156612396,,2.529317855834961,,,2.0599405765533447,,0.5132541656494141,4.690524578094482,,6144.0
,2.3437500000000002e-06,,,,,,,,,,,,,,,,,68449,,,,,,,,,,,,
54,,,,,,,,,,,,,,,,,,68449,,0.09052569419145584,,2.727320432662964,,,2.0583419799804688,,0.4986804723739624,4.872674465179443,,6144.0
,2.3437500000000002e-06,,,,,,,,,,,,,,,,,68499,,,,,,,,,,,,
54,,,,,,,,,,,,,,,,,,68499,,0.09002409130334854,,3.038001537322998,,,2.0569944381713867,,0.5041431188583374,5.187740325927734,,6144.0
,2.3437500000000002e-06,,,,,,,,,,,,,,,,,68549,,,,,,,,,,,,
54,,,,,,,,,,,,,,,,,,68549,,0.20256182551383972,,2.408212900161743,,,2.0573031902313232,,0.5151828527450562,4.569238185882568,,6144.0
,2.3437500000000002e-06,,,,,,,,,,,,,,,,,68599,,,,,,,,,,,,
54,,,,,,,,,,,,,,,,,,68599,,0.09026889503002167,,2.9059548377990723,,,2.059077501296997,,0.4949849247932434,5.048202037811279,,6144.0
,2.3437500000000002e-06,,,,,,,,,,,,,,,,,68649,,,,,,,,,,,,
54,,,,,,,,,,,,,,,,,,68649,,0.08992666006088257,,2.5199060440063477,,,2.0541374683380127,,0.48474857211112976,4.6479644775390625,,6144.0
54,,0.00017241379828192294,0.01008620671927929,0.0006896551931276917,0.0017241379246115685,78.38590240478516,6.609686374664307,69.1290054321289,0.0017241379246115685,69.1290054321289,1755.0,11600.0,1755.0,9.496675920672715e-05,0.003911478910595179,0.0003256003255955875,0.0007786752539686859,68694,,,,,,,,,,,,
54,,,,,,,,,,,,,,,,,,68694,0.09554722160100937,,2.7438228130340576,,4.890941143035889,2.0586907863616943,,0.5001658201217651,,,6144.0,
,2.3437500000000002e-06,,,,,,,,,,,,,,,,,68699,,,,,,,,,,,,
55,,,,,,,,,,,,,,,,,,68699,,0.09071123600006104,,2.7487642765045166,,,2.062603712081909,,0.5163503885269165,4.915197372436523,,6144.0
,2.3437500000000002e-06,,,,,,,,,,,,,,,,,68749,,,,,,,,,,,,
55,,,,,,,,,,,,,,,,,,68749,,0.09003724902868271,,2.7649900913238525,,,2.058289051055908,,0.49248239398002625,4.9041032791137695,,6144.0
,2.3437500000000002e-06,,,,,,,,,,,,,,,,,68799,,,,,,,,,,,,
55,,,,,,,,,,,,,,,,,,68799,,0.09098617732524872,,2.9789838790893555,,,2.0601630210876465,,0.5255266427993774,5.1526408195495605,,6144.0
,2.3437500000000002e-06,,,,,,,,,,,,,,,,,68849,,,,,,,,,,,,
55,,,,,,,,,,,,,,,,,,68849,,0.09013750404119492,,2.662400484085083,,,2.061110258102417,,0.5028877258300781,4.814176559448242,,6144.0
,2.3437500000000002e-06,,,,,,,,,,,,,,,,,68899,,,,,,,,,,,,
55,,,,,,,,,,,,,,,,,,68899,,0.0905693769454956,,2.748983860015869,,,2.0605220794677734,,0.4977489113807678,4.895150661468506,,6144.0
,2.3437500000000002e-06,,,,,,,,,,,,,,,,,68949,,,,,,,,,,,,
55,,,,,,,,,,,,,,,,,,68949,,0.09029734134674072,,2.3314037322998047,,,2.058525323867798,,0.4916429817676544,4.46986722946167,,6144.0
,2.3437500000000002e-06,,,,,,,,,,,,,,,,,68999,,,,,,,,,,,,
55,,,,,,,,,,,,,,,,,,68999,,0.08988489210605621,,2.7026455402374268,,,2.0564916133880615,,0.4928639829158783,4.840703010559082,,6144.0
,2.3437500000000002e-06,,,,,,,,,,,,,,,,,69049,,,,,,,,,,,,
55,,,,,,,,,,,,,,,,,,69049,,0.09029244631528854,,2.7853541374206543,,,2.060947895050049,,0.4945110082626343,4.928623676300049,,6144.0
,2.3437500000000002e-06,,,,,,,,,,,,,,,,,69099,,,,,,,,,,,,
55,,,,,,,,,,,,,,,,,,69099,,0.09084317088127136,,2.715211868286133,,,2.064166784286499,,0.5037429928779602,4.870288372039795,,6144.0
,2.3437500000000002e-06,,,,,,,,,,,,,,,,,69149,,,,,,,,,,,,
55,,,,,,,,,,,,,,,,,,69149,,0.08976179361343384,,2.66886305809021,,,2.0567736625671387,,0.5058844685554504,4.82016658782959,,6144.0
,2.3437500000000002e-06,,,,,,,,,,,,,,,,,69199,,,,,,,,,,,,
55,,,,,,,,,,,,,,,,,,69199,,0.09000236541032791,,2.3553991317749023,,,2.0567338466644287,,0.5037114024162292,4.504497528076172,,6144.0
,2.3437500000000002e-06,,,,,,,,,,,,,,,,,69249,,,,,,,,,,,,
55,,,,,,,,,,,,,,,,,,69249,,0.09053757041692734,,2.681835174560547,,,2.0582435131073,,0.4968426525592804,4.825273036956787,,6144.0
,2.3437500000000002e-06,,,,,,,,,,,,,,,,,69299,,,,,,,,,,,,
55,,,,,,,,,,,,,,,,,,69299,,0.09048406034708023,,2.6856038570404053,,,2.058579683303833,,0.5018248558044434,4.834292411804199,,6144.0
,2.3437500000000002e-06,,,,,,,,,,,,,,,,,69349,,,,,,,,,,,,
55,,,,,,,,,,,,,,,,,,69349,,0.09042022377252579,,2.668198823928833,,,2.059663772583008,,0.5062537789344788,4.822183609008789,,6144.0
,2.3437500000000002e-06,,,,,,,,,,,,,,,,,69399,,,,,,,,,,,,
55,,,,,,,,,,,,,,,,,,69399,,0.09019289165735245,,2.478478193283081,,,2.0603647232055664,,0.49712032079696655,4.623890399932861,,6144.0
,2.3437500000000002e-06,,,,,,,,,,,,,,,,,69449,,,,,,,,,,,,
55,,,,,,,,,,,,,,,,,,69449,,0.09041200578212738,,2.576033115386963,,,2.058593511581421,,0.5128078460693359,4.735715866088867,,6144.0
,2.3437500000000002e-06,,,,,,,,,,,,,,,,,69499,,,,,,,,,,,,
55,,,,,,,,,,,,,,,,,,69499,,0.09047462791204453,,2.7171828746795654,,,2.0563600063323975,,0.49688243865966797,4.8591532707214355,,6144.0
,2.3437500000000002e-06,,,,,,,,,,,,,,,,,69549,,,,,,,,,,,,
55,,,,,,,,,,,,,,,,,,69549,,0.09015090763568878,,3.0419790744781494,,,2.057311534881592,,0.4786206781864166,5.166448593139648,,6144.0
,2.3437500000000002e-06,,,,,,,,,,,,,,,,,69599,,,,,,,,,,,,
55,,,,,,,,,,,,,,,,,,69599,,0.09073449671268463,,2.6396334171295166,,,2.0569956302642822,,0.4914313554763794,4.776660919189453,,6144.0
,2.3437500000000002e-06,,,,,,,,,,,,,,,,,69649,,,,,,,,,,,,
55,,,,,,,,,,,,,,,,,,69649,,0.09047839790582657,,2.5592901706695557,,,2.058382987976074,,0.49795156717300415,4.703948020935059,,6144.0
,2.3437500000000002e-06,,,,,,,,,,,,,,,,,69699,,,,,,,,,,,,
55,,,,,,,,,,,,,,,,,,69699,,0.08977510035037994,,2.7146847248077393,,,2.0572938919067383,,0.5029863715171814,4.863506317138672,,6144.0
,2.3437500000000002e-06,,,,,,,,,,,,,,,,,69749,,,,,,,,,,,,
55,,,,,,,,,,,,,,,,,,69749,,0.09046351909637451,,2.565026044845581,,,2.058502674102783,,0.5013232827186584,4.713151454925537,,6144.0
,2.3437500000000002e-06,,,,,,,,,,,,,,,,,69799,,,,,,,,,,,,
55,,,,,,,,,,,,,,,,,,69799,,0.08991311490535736,,2.737137794494629,,,2.0562093257904053,,0.4999621510505676,4.882067680358887,,6144.0
,2.3437500000000002e-06,,,,,,,,,,,,,,,,,69849,,,,,,,,,,,,
55,,,,,,,,,,,,,,,,,,69849,,0.09035564213991165,,2.5951919555664062,,,2.0572001934051514,,0.5125221014022827,4.753474235534668,,6144.0
,2.3437500000000002e-06,,,,,,,,,,,,,,,,,69899,,,,,,,,,,,,
55,,,,,,,,,,,,,,,,,,69899,,0.09011378884315491,,3.043198823928833,,,2.0583083629608154,,0.513486385345459,5.20333194732666,,6144.0
55,,0.0,0.012322972528636456,0.0002758874325081706,0.0014713996788486838,81.36199188232422,6.196011543273926,73.84530639648438,0.0014713996788486838,73.84530639648438,1755.0,10874.0,1755.0,0.0,0.004467841237783432,5.02765215060208e-05,0.0006151467096060514,69943,,,,,,,,,,,,
55,,,,,,,,,,,,,,,,,,69943,0.09547799825668335,,2.7430477142333984,,4.889591217041016,2.0584278106689453,,0.4998025894165039,,,6144.0,
,2.3437500000000002e-06,,,,,,,,,,,,,,,,,69949,,,,,,,,,,,,
56,,,,,,,,,,,,,,,,,,69949,,0.08982937783002853,,3.2088937759399414,,,2.055070400238037,,0.5001839995384216,5.3531341552734375,,6144.0
,2.3437500000000002e-06,,,,,,,,,,,,,,,,,69999,,,,,,,,,,,,
56,,,,,,,,,,,,,,,,,,69999,,0.09013043344020844,,2.6662757396698,,,2.058112859725952,,0.5004547834396362,4.813220977783203,,6144.0
,2.3437500000000002e-06,,,,,,,,,,,,,,,,,70049,,,,,,,,,,,,
56,,,,,,,,,,,,,,,,,,70049,,0.09026579558849335,,2.8464691638946533,,,2.05743670463562,,0.4968815743923187,4.989299774169922,,6144.0
,2.3437500000000002e-06,,,,,,,,,,,,,,,,,70099,,,,,,,,,,,,
56,,,,,,,,,,,,,,,,,,70099,,0.09068752080202103,,3.000297784805298,,,2.0628464221954346,,0.499797523021698,5.15037202835083,,6144.0
,2.3437500000000002e-06,,,,,,,,,,,,,,,,,70149,,,,,,,,,,,,
56,,,,,,,,,,,,,,,,,,70149,,0.08997683227062225,,2.7971835136413574,,,2.0575058460235596,,0.49807992577552795,4.941267967224121,,6144.0
,2.3437500000000002e-06,,,,,,,,,,,,,,,,,70199,,,,,,,,,,,,
56,,,,,,,,,,,,,,,,,,70199,,0.09020620584487915,,2.756195545196533,,,2.0586469173431396,,0.4884969890117645,4.891610145568848,,6144.0
,2.3437500000000002e-06,,,,,,,,,,,,,,,,,70249,,,,,,,,,,,,
56,,,,,,,,,,,,,,,,,,70249,,0.09022463858127594,,2.7240593433380127,,,2.0608348846435547,,0.5080636739730835,4.880791187286377,,6144.0
,2.3437500000000002e-06,,,,,,,,,,,,,,,,,70299,,,,,,,,,,,,
56,,,,,,,,,,,,,,,,,,70299,,0.09041100740432739,,2.652867078781128,,,2.0573883056640625,,0.47528743743896484,4.774065017700195,,6144.0
,2.3437500000000002e-06,,,,,,,,,,,,,,,,,70349,,,,,,,,,,,,
56,,,,,,,,,,,,,,,,,,70349,,0.0898805782198906,,2.7076618671417236,,,2.0572457313537598,,0.5035633444786072,4.857021808624268,,6144.0
,2.3437500000000002e-06,,,,,,,,,,,,,,,,,70399,,,,,,,,,,,,
56,,,,,,,,,,,,,,,,,,70399,,0.09047068655490875,,2.6537296772003174,,,2.0580976009368896,,0.4881913661956787,4.788398742675781,,6144.0
,2.3437500000000002e-06,,,,,,,,,,,,,,,,,70449,,,,,,,,,,,,
56,,,,,,,,,,,,,,,,,,70449,,0.0908738523721695,,2.674327850341797,,,2.058518886566162,,0.5098714828491211,4.831014633178711,,6144.0
,2.3437500000000002e-06,,,,,,,,,,,,,,,,,70499,,,,,,,,,,,,
56,,,,,,,,,,,,,,,,,,70499,,0.089784637093544,,2.6852545738220215,,,2.0592293739318848,,0.5129272937774658,4.8455657958984375,,6144.0
,2.3437500000000002e-06,,,,,,,,,,,,,,,,,70549,,,,,,,,,,,,
56,,,,,,,,,,,,,,,,,,70549,,0.09021644294261932,,2.8104891777038574,,,2.0586862564086914,,0.5146598815917969,4.972098350524902,,6144.0
,2.3437500000000002e-06,,,,,,,,,,,,,,,,,70599,,,,,,,,,,,,
56,,,,,,,,,,,,,,,,,,70599,,0.09096899628639221,,2.769526481628418,,,2.0577785968780518,,0.48485103249549866,4.900600433349609,,6144.0
,2.3437500000000002e-06,,,,,,,,,,,,,,,,,70649,,,,,,,,,,,,
56,,,,,,,,,,,,,,,,,,70649,,0.1400381475687027,,2.678142786026001,,,2.0559375286102295,,0.4936821162700653,4.816574573516846,,6144.0
,2.3437500000000002e-06,,,,,,,,,,,,,,,,,70699,,,,,,,,,,,,
56,,,,,,,,,,,,,,,,,,70699,,0.09041270613670349,,2.690223455429077,,,2.057257652282715,,0.5023494958877563,4.83837890625,,6144.0
,2.3437500000000002e-06,,,,,,,,,,,,,,,,,70749,,,,,,,,,,,,
56,,,,,,,,,,,,,,,,,,70749,,0.09077964723110199,,2.649556875228882,,,2.0582516193389893,,0.5003902912139893,4.796548843383789,,6144.0
,2.3437500000000002e-06,,,,,,,,,,,,,,,,,70799,,,,,,,,,,,,
56,,,,,,,,,,,,,,,,,,70799,,0.09060339629650116,,2.743222713470459,,,2.057605743408203,,0.49821537733078003,4.8875226974487305,,6144.0
,2.3437500000000002e-06,,,,,,,,,,,,,,,,,70849,,,,,,,,,,,,
56,,,,,,,,,,,,,,,,,,70849,,0.09030041843652725,,2.564476728439331,,,2.060598134994507,,0.5036830902099609,4.716638565063477,,6144.0
,2.3437500000000002e-06,,,,,,,,,,,,,,,,,70899,,,,,,,,,,,,
56,,,,,,,,,,,,,,,,,,70899,,0.09002191573381424,,2.6283843517303467,,,2.055027723312378,,0.5025286078453064,4.774935245513916,,6144.0
,2.3437500000000002e-06,,,,,,,,,,,,,,,,,70949,,,,,,,,,,,,
56,,,,,,,,,,,,,,,,,,70949,,0.09026150405406952,,3.0450127124786377,,,2.0607593059539795,,0.497044175863266,5.190664291381836,,6144.0
,2.3437500000000002e-06,,,,,,,,,,,,,,,,,70999,,,,,,,,,,,,
56,,,,,,,,,,,,,,,,,,70999,,0.17053283751010895,,2.729163408279419,,,2.057051658630371,,0.5049532651901245,4.879757881164551,,6144.0
,2.3437500000000002e-06,,,,,,,,,,,,,,,,,71049,,,,,,,,,,,,
56,,,,,,,,,,,,,,,,,,71049,,0.0909249559044838,,2.712470293045044,,,2.0596730709075928,,0.49743959307670593,4.857647895812988,,6144.0
,2.3437500000000002e-06,,,,,,,,,,,,,,,,,71099,,,,,,,,,,,,
56,,,,,,,,,,,,,,,,,,71099,,0.09043558686971664,,2.641860246658325,,,2.0585732460021973,,0.48728904128074646,4.776007652282715,,6144.0
,2.3437500000000002e-06,,,,,,,,,,,,,,,,,71149,,,,,,,,,,,,
56,,,,,,,,,,,,,,,,,,71149,,0.1951211541891098,,2.9583919048309326,,,2.056882858276367,,0.49727916717529297,5.101177215576172,,6144.0
56,,0.0,0.012043727561831474,0.0,0.0007411525002680719,80.45530700683594,6.150427341461182,71.6973876953125,0.0007411525002680719,71.6973876953125,1755.0,10794.0,1755.0,0.0,0.004200777970254421,0.0,0.0006936702411621809,71192,,,,,,,,,,,,
56,,,,,,,,,,,,,,,,,,71192,0.09632609039545059,,2.741163492202759,,4.887163162231445,2.058178424835205,,0.4994591772556305,,,6144.0,
,2.3437500000000002e-06,,,,,,,,,,,,,,,,,71199,,,,,,,,,,,,
57,,,,,,,,,,,,,,,,,,71199,,0.0904582068324089,,2.5175607204437256,,,2.0563156604766846,,0.49507367610931396,4.657687187194824,,6144.0
,2.3437500000000002e-06,,,,,,,,,,,,,,,,,71249,,,,,,,,,,,,
57,,,,,,,,,,,,,,,,,,71249,,0.2188410460948944,,2.9584968090057373,,,2.05660080909729,,0.4934208393096924,5.097198486328125,,6144.0
,2.3437500000000002e-06,,,,,,,,,,,,,,,,,71299,,,,,,,,,,,,
57,,,,,,,,,,,,,,,,,,71299,,0.09158416092395782,,2.4250905513763428,,,2.0552549362182617,,0.5007011890411377,4.569995880126953,,6144.0
,2.3437500000000002e-06,,,,,,,,,,,,,,,,,71349,,,,,,,,,,,,
57,,,,,,,,,,,,,,,,,,71349,,0.09107071906328201,,2.7488439083099365,,,2.0605242252349854,,0.497744619846344,4.895008087158203,,6144.0
,2.3437500000000002e-06,,,,,,,,,,,,,,,,,71399,,,,,,,,,,,,
57,,,,,,,,,,,,,,,,,,71399,,0.09010278433561325,,2.744215965270996,,,2.0564076900482178,,0.5093601942062378,4.898702621459961,,6144.0
,2.3437500000000002e-06,,,,,,,,,,,,,,,,,71449,,,,,,,,,,,,
57,,,,,,,,,,,,,,,,,,71449,,0.0904814675450325,,3.1347789764404297,,,2.0593788623809814,,0.5029681921005249,5.285250186920166,,6144.0
,2.3437500000000002e-06,,,,,,,,,,,,,,,,,71499,,,,,,,,,,,,
57,,,,,,,,,,,,,,,,,,71499,,0.09097728133201599,,2.876281499862671,,,2.0661003589630127,,0.5090029239654541,5.038165092468262,,6144.0
,2.3437500000000002e-06,,,,,,,,,,,,,,,,,71549,,,,,,,,,,,,
57,,,,,,,,,,,,,,,,,,71549,,0.09017843008041382,,2.8729748725891113,,,2.056205987930298,,0.4945772588253021,5.012516975402832,,6144.0
,2.3437500000000002e-06,,,,,,,,,,,,,,,,,71599,,,,,,,,,,,,
57,,,,,,,,,,,,,,,,,,71599,,0.09034714102745056,,3.1949446201324463,,,2.0570290088653564,,0.5106788873672485,5.351246356964111,,6144.0
,2.3437500000000002e-06,,,,,,,,,,,,,,,,,71649,,,,,,,,,,,,
57,,,,,,,,,,,,,,,,,,71649,,0.09073664247989655,,2.7160420417785645,,,2.054755210876465,,0.49295297265052795,4.852798938751221,,6144.0
,2.3437500000000002e-06,,,,,,,,,,,,,,,,,71699,,,,,,,,,,,,
57,,,,,,,,,,,,,,,,,,71699,,0.09017413854598999,,2.649279832839966,,,2.0605714321136475,,0.5159639120101929,4.813701152801514,,6144.0
,2.3437500000000002e-06,,,,,,,,,,,,,,,,,71749,,,,,,,,,,,,
57,,,,,,,,,,,,,,,,,,71749,,0.09130188822746277,,2.60565447807312,,,2.0552704334259033,,0.4982067942619324,4.748077392578125,,6144.0
,2.3437500000000002e-06,,,,,,,,,,,,,,,,,71799,,,,,,,,,,,,
57,,,,,,,,,,,,,,,,,,71799,,0.09063433855772018,,2.8026516437530518,,,2.059702157974243,,0.5157301425933838,4.966143608093262,,6144.0
,2.3437500000000002e-06,,,,,,,,,,,,,,,,,71849,,,,,,,,,,,,
57,,,,,,,,,,,,,,,,,,71849,,0.10783129930496216,,2.6811280250549316,,,2.0591917037963867,,0.5147058963775635,4.84318733215332,,6144.0
,2.3437500000000002e-06,,,,,,,,,,,,,,,,,71899,,,,,,,,,,,,
57,,,,,,,,,,,,,,,,,,71899,,0.09042637050151825,,2.3991029262542725,,,2.056751012802124,,0.48325395584106445,4.52775764465332,,6144.0
,2.3437500000000002e-06,,,,,,,,,,,,,,,,,71949,,,,,,,,,,,,
57,,,,,,,,,,,,,,,,,,71949,,0.09083247929811478,,2.910278797149658,,,2.056767225265503,,0.4941873252391815,5.049880027770996,,6144.0
,2.3437500000000002e-06,,,,,,,,,,,,,,,,,71999,,,,,,,,,,,,
57,,,,,,,,,,,,,,,,,,71999,,0.09147011488676071,,2.7747626304626465,,,2.0575623512268066,,0.5137733221054077,4.934586048126221,,6144.0
,2.3437500000000002e-06,,,,,,,,,,,,,,,,,72049,,,,,,,,,,,,
57,,,,,,,,,,,,,,,,,,72049,,0.09108275175094604,,2.650703191757202,,,2.0870563983917236,,0.5106274485588074,4.830975532531738,,6144.0
,2.3437500000000002e-06,,,,,,,,,,,,,,,,,72099,,,,,,,,,,,,
57,,,,,,,,,,,,,,,,,,72099,,0.09003724902868271,,2.8564064502716064,,,2.0592708587646484,,0.4977074861526489,5.001530647277832,,6144.0
,2.3437500000000002e-06,,,,,,,,,,,,,,,,,72149,,,,,,,,,,,,
57,,,,,,,,,,,,,,,,,,72149,,0.09177584201097488,,2.593808650970459,,,2.0542263984680176,,0.4908326268196106,4.728022575378418,,6144.0
,2.3437500000000002e-06,,,,,,,,,,,,,,,,,72199,,,,,,,,,,,,
57,,,,,,,,,,,,,,,,,,72199,,0.09016115218400955,,2.593177556991577,,,2.056302785873413,,0.5042935013771057,4.742513179779053,,6144.0
,2.3437500000000002e-06,,,,,,,,,,,,,,,,,72249,,,,,,,,,,,,
57,,,,,,,,,,,,,,,,,,72249,,0.1719459891319275,,2.468717336654663,,,2.0549566745758057,,0.4859676957130432,4.5986504554748535,,6144.0
,2.3437500000000002e-06,,,,,,,,,,,,,,,,,72299,,,,,,,,,,,,
57,,,,,,,,,,,,,,,,,,72299,,0.09021507203578949,,2.7682676315307617,,,2.057727098464966,,0.48413562774658203,4.898584842681885,,6144.0
,2.3437500000000002e-06,,,,,,,,,,,,,,,,,72349,,,,,,,,,,,,
57,,,,,,,,,,,,,,,,,,72349,,0.09040259569883347,,2.4395394325256348,,,2.0549442768096924,,0.4721691906452179,4.555664539337158,,6144.0
,2.3437500000000002e-06,,,,,,,,,,,,,,,,,72399,,,,,,,,,,,,
57,,,,,,,,,,,,,,,,,,72399,,0.09009356796741486,,2.88173246383667,,,2.0554635524749756,,0.5034756660461426,5.029579162597656,,6144.0
57,,0.0,0.028712328523397446,0.0014246575301513076,0.010410958901047707,81.30946350097656,5.199429988861084,74.2528305053711,0.010410958901047707,74.2528305053711,1755.0,9125.0,1755.0,0.0,0.004065384157001972,0.0005844945553690195,0.00142869190312922,72441,,,,,,,,,,,,
57,,,,,,,,,,,,,,,,,,72441,0.09584710001945496,,2.7420787811279297,,4.887969017028809,2.0579142570495605,,0.4995557963848114,,,6144.0,
,2.3437500000000002e-06,,,,,,,,,,,,,,,,,72449,,,,,,,,,,,,
58,,,,,,,,,,,,,,,,,,72449,,0.0898827537894249,,2.925846815109253,,,2.0586354732513428,,0.49400925636291504,5.066764831542969,,6144.0
,2.3437500000000002e-06,,,,,,,,,,,,,,,,,72499,,,,,,,,,,,,
58,,,,,,,,,,,,,,,,,,72499,,0.09071292728185654,,2.6859920024871826,,,2.05971097946167,,0.5045962333679199,4.838356971740723,,6144.0
,2.3437500000000002e-06,,,,,,,,,,,,,,,,,72549,,,,,,,,,,,,
58,,,,,,,,,,,,,,,,,,72549,,0.09107968211174011,,2.7866039276123047,,,2.0575056076049805,,0.4920411705970764,4.924649715423584,,6144.0
,2.3437500000000002e-06,,,,,,,,,,,,,,,,,72599,,,,,,,,,,,,
58,,,,,,,,,,,,,,,,,,72599,,0.09088409692049026,,2.7175209522247314,,,2.059417724609375,,0.4966695308685303,4.861724853515625,,6144.0
,2.3437500000000002e-06,,,,,,,,,,,,,,,,,72649,,,,,,,,,,,,
58,,,,,,,,,,,,,,,,,,72649,,0.0899432972073555,,2.5859639644622803,,,2.052983045578003,,0.4793933928012848,4.707744121551514,,6144.0
,2.3437500000000002e-06,,,,,,,,,,,,,,,,,72699,,,,,,,,,,,,
58,,,,,,,,,,,,,,,,,,72699,,0.0908050537109375,,2.7150115966796875,,,2.0565245151519775,,0.5069994926452637,4.8672308921813965,,6144.0
,2.3437500000000002e-06,,,,,,,,,,,,,,,,,72749,,,,,,,,,,,,
58,,,,,,,,,,,,,,,,,,72749,,0.09074902534484863,,2.6792378425598145,,,2.056464433670044,,0.5032937526702881,4.827703475952148,,6144.0
,2.3437500000000002e-06,,,,,,,,,,,,,,,,,72799,,,,,,,,,,,,
58,,,,,,,,,,,,,,,,,,72799,,0.09063926339149475,,2.5824098587036133,,,2.0578503608703613,,0.5053935647010803,4.734083652496338,,6144.0
,2.3437500000000002e-06,,,,,,,,,,,,,,,,,72849,,,,,,,,,,,,
58,,,,,,,,,,,,,,,,,,72849,,0.0910569578409195,,2.7493443489074707,,,2.0596776008605957,,0.49304285645484924,4.890129566192627,,6144.0
,2.3437500000000002e-06,,,,,,,,,,,,,,,,,72899,,,,,,,,,,,,
58,,,,,,,,,,,,,,,,,,72899,,0.09003622084856033,,2.6358652114868164,,,2.055574655532837,,0.5028707981109619,4.783195495605469,,6144.0
,2.3437500000000002e-06,,,,,,,,,,,,,,,,,72949,,,,,,,,,,,,
58,,,,,,,,,,,,,,,,,,72949,,0.09076941013336182,,2.7911362648010254,,,2.0566365718841553,,0.48793378472328186,4.924379348754883,,6144.0
,2.3437500000000002e-06,,,,,,,,,,,,,,,,,72999,,,,,,,,,,,,
58,,,,,,,,,,,,,,,,,,72999,,0.09164083003997803,,2.8658220767974854,,,2.0584640502929688,,0.5005218386650085,5.013114929199219,,6144.0
,2.3437500000000002e-06,,,,,,,,,,,,,,,,,73049,,,,,,,,,,,,
58,,,,,,,,,,,,,,,,,,73049,,0.09084524214267731,,2.584027051925659,,,2.0580153465270996,,0.5034997463226318,4.733939170837402,,6144.0
,2.3437500000000002e-06,,,,,,,,,,,,,,,,,73099,,,,,,,,,,,,
58,,,,,,,,,,,,,,,,,,73099,,0.09079286456108093,,2.923976421356201,,,2.0560519695281982,,0.5072246789932251,5.076042652130127,,6144.0
,2.3437500000000002e-06,,,,,,,,,,,,,,,,,73149,,,,,,,,,,,,
58,,,,,,,,,,,,,,,,,,73149,,0.09054748713970184,,2.6128664016723633,,,2.055591583251953,,0.4932979345321655,4.750637531280518,,6144.0
,2.3437500000000002e-06,,,,,,,,,,,,,,,,,73199,,,,,,,,,,,,
58,,,,,,,,,,,,,,,,,,73199,,0.09119007736444473,,2.87691593170166,,,2.0564324855804443,,0.5274327993392944,5.049494743347168,,6144.0
,2.3437500000000002e-06,,,,,,,,,,,,,,,,,73249,,,,,,,,,,,,
58,,,,,,,,,,,,,,,,,,73249,,0.09020722657442093,,2.714888572692871,,,2.0547866821289062,,0.4945370554924011,4.853254795074463,,6144.0
,2.3437500000000002e-06,,,,,,,,,,,,,,,,,73299,,,,,,,,,,,,
58,,,,,,,,,,,,,,,,,,73299,,0.09032867103815079,,2.5895473957061768,,,2.060526132583618,,0.5002676248550415,4.738235950469971,,6144.0
,2.3437500000000002e-06,,,,,,,,,,,,,,,,,73349,,,,,,,,,,,,
58,,,,,,,,,,,,,,,,,,73349,,0.09066285192966461,,2.849776029586792,,,2.0566489696502686,,0.5034882426261902,4.9985833168029785,,6144.0
,2.3437500000000002e-06,,,,,,,,,,,,,,,,,73399,,,,,,,,,,,,
58,,,,,,,,,,,,,,,,,,73399,,0.09033554792404175,,2.7327682971954346,,,2.0597686767578125,,0.5036520957946777,4.884235382080078,,6144.0
,2.3437500000000002e-06,,,,,,,,,,,,,,,,,73449,,,,,,,,,,,,
58,,,,,,,,,,,,,,,,,,73449,,0.09089638292789459,,2.5460290908813477,,,2.055379867553711,,0.508737325668335,4.699069976806641,,6144.0
,2.3437500000000002e-06,,,,,,,,,,,,,,,,,73499,,,,,,,,,,,,
58,,,,,,,,,,,,,,,,,,73499,,0.09044285118579865,,2.825408458709717,,,2.0563039779663086,,0.4915495216846466,4.962001323699951,,6144.0
,2.3437500000000002e-06,,,,,,,,,,,,,,,,,73549,,,,,,,,,,,,
58,,,,,,,,,,,,,,,,,,73549,,0.090416319668293,,2.7953333854675293,,,2.055154800415039,,0.5131425857543945,4.952600002288818,,6144.0
,2.3437500000000002e-06,,,,,,,,,,,,,,,,,73599,,,,,,,,,,,,
58,,,,,,,,,,,,,,,,,,73599,,0.09019698947668076,,2.896749973297119,,,2.0560760498046875,,0.5034778118133545,5.045088768005371,,6144.0
,2.3437500000000002e-06,,,,,,,,,,,,,,,,,73649,,,,,,,,,,,,
58,,,,,,,,,,,,,,,,,,73649,,0.09112076461315155,,2.6605701446533203,,,2.0567569732666016,,0.48893308639526367,4.7949090003967285,,6144.0
58,,0.00016711230273358524,0.025651738047599792,0.0014204545877873898,0.009441845118999481,77.94779205322266,6.81937313079834,70.00638580322266,0.009441845118999481,70.00638580322266,1755.0,11968.0,1755.0,0.0001899335184134543,0.005032248795032501,0.0003494455013424158,0.0015688131097704172,73690,,,,,,,,,,,,
58,,,,,,,,,,,,,,,,,,73690,0.09677039831876755,,2.73896861076355,,4.884306907653809,2.0576412677764893,,0.49922382831573486,,,6144.0,
,2.3437500000000002e-06,,,,,,,,,,,,,,,,,73699,,,,,,,,,,,,
59,,,,,,,,,,,,,,,,,,73699,,0.0898621454834938,,2.648078680038452,,,2.0578129291534424,,0.4981766939163208,4.792505741119385,,6144.0
,2.3437500000000002e-06,,,,,,,,,,,,,,,,,73749,,,,,,,,,,,,
59,,,,,,,,,,,,,,,,,,73749,,0.09090021997690201,,2.661085367202759,,,2.053926467895508,,0.5023466348648071,4.806572914123535,,6144.0
,2.3437500000000002e-06,,,,,,,,,,,,,,,,,73799,,,,,,,,,,,,
59,,,,,,,,,,,,,,,,,,73799,,0.09086166322231293,,2.966327428817749,,,2.057629346847534,,0.5023701786994934,5.114801406860352,,6144.0
,2.3437500000000002e-06,,,,,,,,,,,,,,,,,73849,,,,,,,,,,,,
59,,,,,,,,,,,,,,,,,,73849,,0.12322188913822174,,2.775724172592163,,,2.055450916290283,,0.4976806640625,4.9177656173706055,,6144.0
,2.3437500000000002e-06,,,,,,,,,,,,,,,,,73899,,,,,,,,,,,,
59,,,,,,,,,,,,,,,,,,73899,,0.09168611466884613,,2.574000358581543,,,2.0573198795318604,,0.4963652491569519,4.716221332550049,,6144.0
,2.3437500000000002e-06,,,,,,,,,,,,,,,,,73949,,,,,,,,,,,,
59,,,,,,,,,,,,,,,,,,73949,,0.12306732684373856,,2.8084189891815186,,,2.058192491531372,,0.5076584815979004,4.962631702423096,,6144.0
,2.3437500000000002e-06,,,,,,,,,,,,,,,,,73999,,,,,,,,,,,,
59,,,,,,,,,,,,,,,,,,73999,,0.09055334329605103,,2.905167818069458,,,2.057624578475952,,0.5024128556251526,5.053680419921875,,6144.0
,2.3437500000000002e-06,,,,,,,,,,,,,,,,,74049,,,,,,,,,,,,
59,,,,,,,,,,,,,,,,,,74049,,0.09070553630590439,,2.392054557800293,,,2.0554544925689697,,0.49993711709976196,4.536355018615723,,6144.0
,2.3437500000000002e-06,,,,,,,,,,,,,,,,,74099,,,,,,,,,,,,
59,,,,,,,,,,,,,,,,,,74099,,0.09073551744222641,,2.6203370094299316,,,2.0574169158935547,,0.4987260699272156,4.764996528625488,,6144.0
,2.3437500000000002e-06,,,,,,,,,,,,,,,,,74149,,,,,,,,,,,,
59,,,,,,,,,,,,,,,,,,74149,,0.09036492556333542,,2.621150255203247,,,2.056016445159912,,0.48895418643951416,4.754917621612549,,6144.0
,2.3437500000000002e-06,,,,,,,,,,,,,,,,,74199,,,,,,,,,,,,
59,,,,,,,,,,,,,,,,,,74199,,0.09079500287771225,,2.6610524654388428,,,2.0610976219177246,,0.5140677094459534,4.82399845123291,,6144.0
,2.3437500000000002e-06,,,,,,,,,,,,,,,,,74249,,,,,,,,,,,,
59,,,,,,,,,,,,,,,,,,74249,,0.2302197366952896,,2.9510064125061035,,,2.054405689239502,,0.4920623004436493,5.086593151092529,,6144.0
,2.3437500000000002e-06,,,,,,,,,,,,,,,,,74299,,,,,,,,,,,,
59,,,,,,,,,,,,,,,,,,74299,,0.09080012142658234,,2.867410898208618,,,2.054239511489868,,0.4967299699783325,5.007532119750977,,6144.0
,2.3437500000000002e-06,,,,,,,,,,,,,,,,,74349,,,,,,,,,,,,
59,,,,,,,,,,,,,,,,,,74349,,0.09045708179473877,,2.706568479537964,,,2.059138774871826,,0.48832160234451294,4.842201232910156,,6144.0
,2.3437500000000002e-06,,,,,,,,,,,,,,,,,74399,,,,,,,,,,,,
59,,,,,,,,,,,,,,,,,,74399,,0.21073922514915466,,2.6697049140930176,,,2.0600838661193848,,0.49640247225761414,4.814174175262451,,6144.0
,2.3437500000000002e-06,,,,,,,,,,,,,,,,,74449,,,,,,,,,,,,
59,,,,,,,,,,,,,,,,,,74449,,0.09003417938947678,,2.8842499256134033,,,2.055650472640991,,0.5009124279022217,5.0296831130981445,,6144.0
,2.3437500000000002e-06,,,,,,,,,,,,,,,,,74499,,,,,,,,,,,,
59,,,,,,,,,,,,,,,,,,74499,,0.09030041843652725,,2.7419075965881348,,,2.0570952892303467,,0.5073431730270386,4.894927024841309,,6144.0
,2.3437500000000002e-06,,,,,,,,,,,,,,,,,74549,,,,,,,,,,,,
59,,,,,,,,,,,,,,,,,,74549,,0.09171145409345627,,2.6067490577697754,,,2.0590708255767822,,0.5158737301826477,4.7698798179626465,,6144.0
,2.3437500000000002e-06,,,,,,,,,,,,,,,,,74599,,,,,,,,,,,,
59,,,,,,,,,,,,,,,,,,74599,,0.11106982082128525,,2.624556541442871,,,2.0555355548858643,,0.49644243717193604,4.765427112579346,,6144.0
,2.3437500000000002e-06,,,,,,,,,,,,,,,,,74649,,,,,,,,,,,,
59,,,,,,,,,,,,,,,,,,74649,,0.25150731205940247,,2.885721445083618,,,2.056912422180176,,0.5001916885375977,5.031443119049072,,6144.0
,2.3437500000000002e-06,,,,,,,,,,,,,,,,,74699,,,,,,,,,,,,
59,,,,,,,,,,,,,,,,,,74699,,0.09003196656703949,,2.76077938079834,,,2.059903383255005,,0.5015803575515747,4.910282135009766,,6144.0
,2.3437500000000002e-06,,,,,,,,,,,,,,,,,74749,,,,,,,,,,,,
59,,,,,,,,,,,,,,,,,,74749,,0.09002700448036194,,2.969963312149048,,,2.0580058097839355,,0.48790043592453003,5.1042680740356445,,6144.0
,2.3437500000000002e-06,,,,,,,,,,,,,,,,,74799,,,,,,,,,,,,
59,,,,,,,,,,,,,,,,,,74799,,0.08963276445865631,,2.551084518432617,,,2.052457571029663,,0.5085327625274658,4.701582908630371,,6144.0
,2.3437500000000002e-06,,,,,,,,,,,,,,,,,74849,,,,,,,,,,,,
59,,,,,,,,,,,,,,,,,,74849,,0.09060880541801453,,2.8408021926879883,,,2.0567965507507324,,0.49883517622947693,4.985074520111084,,6144.0
,2.3437500000000002e-06,,,,,,,,,,,,,,,,,74899,,,,,,,,,,,,
59,,,,,,,,,,,,,,,,,,74899,,0.0908421128988266,,2.9064388275146484,,,2.056252956390381,,0.507285475730896,5.058726787567139,,6144.0
59,,8.380122017115355e-05,0.028743820264935493,0.001089415862224996,0.01081035751849413,78.20160675048828,6.7994303703308105,69.98777770996094,0.01081035751849413,69.98777770996094,1755.0,11933.0,1755.0,5.18000524607487e-05,0.003906841855496168,0.00012130576942581683,0.0011912841582670808,74939,,,,,,,,,,,,
59,,,,,,,,,,,,,,,,,,74939,0.09731876850128174,,2.7388858795166016,,4.883543968200684,2.0573906898498535,,0.49874502420425415,,,6144.0,
